[{"name":"+1","image":"1f44d.png","id":"1f44d"},{"name":"-1","image":"1f44e.png","id":"1f44e"},{"name":"100","image":"1f4af.png","id":"1f4af"},{"name":"1234","image":"1f522.png","id":"1f522"},{"name":"8ball","image":"1f3b1.png","id":"1f3b1"},{"name":"a","image":"1f170.png","id":"1f170"},{"name":"ab","image":"1f18e.png","id":"1f18e"},{"name":"abc","image":"1f524.png","id":"1f524"},{"name":"abcd","image":"1f521.png","id":"1f521"},{"name":"accept","image":"1f251.png","id":"1f251"},{"name":"admission_tickets","image":"1f39f.png","id":"1f39f"},{"name":"aerial_tramway","image":"1f6a1.png","id":"1f6a1"},{"name":"airplane","image":"2708.png","id":"2708"},{"name":"airplane_arriving","image":"1f6ec.png","id":"1f6ec"},{"name":"airplane_departure","image":"1f6eb.png","id":"1f6eb"},{"name":"alarm_clock","image":"23f0.png","id":"23f0"},{"name":"alembic","image":"2697.png","id":"2697"},{"name":"alien","image":"1f47d.png","id":"1f47d"},{"name":"ambulance","image":"1f691.png","id":"1f691"},{"name":"amphora","image":"1f3fa.png","id":"1f3fa"},{"name":"anchor","image":"2693.png","id":"2693"},{"name":"angel","image":"1f47c.png","id":"1f47c"},{"name":"anger","image":"1f4a2.png","id":"1f4a2"},{"name":"angry","image":"1f620.png","id":"1f620"},{"name":"anguished","image":"1f627.png","id":"1f627"},{"name":"ant","image":"1f41c.png","id":"1f41c"},{"name":"apple","image":"1f34e.png","id":"1f34e"},{"name":"aquarius","image":"2652.png","id":"2652"},{"name":"aries","image":"2648.png","id":"2648"},{"name":"arrow_backward","image":"25c0.png","id":"25c0"},{"name":"arrow_double_down","image":"23ec.png","id":"23ec"},{"name":"arrow_double_up","image":"23eb.png","id":"23eb"},{"name":"arrow_down","image":"2b07.png","id":"2b07"},{"name":"arrow_down_small","image":"1f53d.png","id":"1f53d"},{"name":"arrow_forward","image":"25b6.png","id":"25b6"},{"name":"arrow_heading_down","image":"2935.png","id":"2935"},{"name":"arrow_heading_up","image":"2934.png","id":"2934"},{"name":"arrow_left","image":"2b05.png","id":"2b05"},{"name":"arrow_lower_left","image":"2199.png","id":"2199"},{"name":"arrow_lower_right","image":"2198.png","id":"2198"},{"name":"arrow_right","image":"27a1.png","id":"27a1"},{"name":"arrow_right_hook","image":"21aa.png","id":"21aa"},{"name":"arrow_up","image":"2b06.png","id":"2b06"},{"name":"arrow_up_down","image":"2195.png","id":"2195"},{"name":"arrow_up_small","image":"1f53c.png","id":"1f53c"},{"name":"arrow_upper_left","image":"2196.png","id":"2196"},{"name":"arrow_upper_right","image":"2197.png","id":"2197"},{"name":"arrows_clockwise","image":"1f503.png","id":"1f503"},{"name":"arrows_counterclockwise","image":"1f504.png","id":"1f504"},{"name":"art","image":"1f3a8.png","id":"1f3a8"},{"name":"articulated_lorry","image":"1f69b.png","id":"1f69b"},{"name":"astonished","image":"1f632.png","id":"1f632"},{"name":"athletic_shoe","image":"1f45f.png","id":"1f45f"},{"name":"atm","image":"1f3e7.png","id":"1f3e7"},{"name":"atom_symbol","image":"269b.png","id":"269b"},{"name":"avocado","image":"1f951.png","id":"1f951"},{"name":"b","image":"1f171.png","id":"1f171"},{"name":"baby","image":"1f476.png","id":"1f476"},{"name":"baby_bottle","image":"1f37c.png","id":"1f37c"},{"name":"baby_chick","image":"1f424.png","id":"1f424"},{"name":"baby_symbol","image":"1f6bc.png","id":"1f6bc"},{"name":"back","image":"1f519.png","id":"1f519"},{"name":"bacon","image":"1f953.png","id":"1f953"},{"name":"badminton_racquet_and_shuttlecock","image":"1f3f8.png","id":"1f3f8"},{"name":"baggage_claim","image":"1f6c4.png","id":"1f6c4"},{"name":"baguette_bread","image":"1f956.png","id":"1f956"},{"name":"balloon","image":"1f388.png","id":"1f388"},{"name":"ballot_box_with_ballot","image":"1f5f3.png","id":"1f5f3"},{"name":"ballot_box_with_check","image":"2611.png","id":"2611"},{"name":"bamboo","image":"1f38d.png","id":"1f38d"},{"name":"banana","image":"1f34c.png","id":"1f34c"},{"name":"bangbang","image":"203c.png","id":"203c"},{"name":"bank","image":"1f3e6.png","id":"1f3e6"},{"name":"bar_chart","image":"1f4ca.png","id":"1f4ca"},{"name":"barber","image":"1f488.png","id":"1f488"},{"name":"barely_sunny","image":"1f325.png","id":"1f325"},{"name":"baseball","image":"26be.png","id":"26be"},{"name":"basketball","image":"1f3c0.png","id":"1f3c0"},{"name":"bat","image":"1f987.png","id":"1f987"},{"name":"bath","image":"1f6c0.png","id":"1f6c0"},{"name":"bathtub","image":"1f6c1.png","id":"1f6c1"},{"name":"battery","image":"1f50b.png","id":"1f50b"},{"name":"beach_with_umbrella","image":"1f3d6.png","id":"1f3d6"},{"name":"bear","image":"1f43b.png","id":"1f43b"},{"name":"bed","image":"1f6cf.png","id":"1f6cf"},{"name":"bee","image":"1f41d.png","id":"1f41d"},{"name":"beer","image":"1f37a.png","id":"1f37a"},{"name":"beers","image":"1f37b.png","id":"1f37b"},{"name":"beetle","image":"1f41e.png","id":"1f41e"},{"name":"beginner","image":"1f530.png","id":"1f530"},{"name":"bell","image":"1f514.png","id":"1f514"},{"name":"bellhop_bell","image":"1f6ce.png","id":"1f6ce"},{"name":"bento","image":"1f371.png","id":"1f371"},{"name":"bicyclist","image":"1f6b4.png","id":"1f6b4"},{"name":"bike","image":"1f6b2.png","id":"1f6b2"},{"name":"bikini","image":"1f459.png","id":"1f459"},{"name":"biohazard_sign","image":"2623.png","id":"2623"},{"name":"bird","image":"1f426.png","id":"1f426"},{"name":"birthday","image":"1f382.png","id":"1f382"},{"name":"black_circle","image":"26ab.png","id":"26ab"},{"name":"black_circle_for_record","image":"23fa.png","id":"23fa"},{"name":"black_heart","image":"1f5a4.png","id":"1f5a4"},{"name":"black_joker","image":"1f0cf.png","id":"1f0cf"},{"name":"black_large_square","image":"2b1b.png","id":"2b1b"},{"name":"black_left_pointing_double_triangle_with_vertical_bar","image":"23ee.png","id":"23ee"},{"name":"black_medium_small_square","image":"25fe.png","id":"25fe"},{"name":"black_medium_square","image":"25fc.png","id":"25fc"},{"name":"black_nib","image":"2712.png","id":"2712"},{"name":"black_right_pointing_double_triangle_with_vertical_bar","image":"23ed.png","id":"23ed"},{"name":"black_right_pointing_triangle_with_double_vertical_bar","image":"23ef.png","id":"23ef"},{"name":"black_small_square","image":"25aa.png","id":"25aa"},{"name":"black_square_button","image":"1f532.png","id":"1f532"},{"name":"black_square_for_stop","image":"23f9.png","id":"23f9"},{"name":"blond-haired-man","image":"1f471-200d-2642-fe0f.png","id":"1f471-200d-2642-fe0f"},{"name":"blond-haired-woman","image":"1f471-200d-2640-fe0f.png","id":"1f471-200d-2640-fe0f"},{"name":"blossom","image":"1f33c.png","id":"1f33c"},{"name":"blowfish","image":"1f421.png","id":"1f421"},{"name":"blue_book","image":"1f4d8.png","id":"1f4d8"},{"name":"blue_car","image":"1f699.png","id":"1f699"},{"name":"blue_heart","image":"1f499.png","id":"1f499"},{"name":"blush","image":"1f60a.png","id":"1f60a"},{"name":"boar","image":"1f417.png","id":"1f417"},{"name":"boat","image":"26f5.png","id":"26f5"},{"name":"bomb","image":"1f4a3.png","id":"1f4a3"},{"name":"book","image":"1f4d6.png","id":"1f4d6"},{"name":"bookmark","image":"1f516.png","id":"1f516"},{"name":"bookmark_tabs","image":"1f4d1.png","id":"1f4d1"},{"name":"books","image":"1f4da.png","id":"1f4da"},{"name":"boom","image":"1f4a5.png","id":"1f4a5"},{"name":"boot","image":"1f462.png","id":"1f462"},{"name":"bouquet","image":"1f490.png","id":"1f490"},{"name":"bow","image":"1f647.png","id":"1f647"},{"name":"bow_and_arrow","image":"1f3f9.png","id":"1f3f9"},{"name":"bowling","image":"1f3b3.png","id":"1f3b3"},{"name":"boxing_glove","image":"1f94a.png","id":"1f94a"},{"name":"boy","image":"1f466.png","id":"1f466"},{"name":"bread","image":"1f35e.png","id":"1f35e"},{"name":"bride_with_veil","image":"1f470.png","id":"1f470"},{"name":"bridge_at_night","image":"1f309.png","id":"1f309"},{"name":"briefcase","image":"1f4bc.png","id":"1f4bc"},{"name":"broken_heart","image":"1f494.png","id":"1f494"},{"name":"bug","image":"1f41b.png","id":"1f41b"},{"name":"building_construction","image":"1f3d7.png","id":"1f3d7"},{"name":"bulb","image":"1f4a1.png","id":"1f4a1"},{"name":"bullettrain_front","image":"1f685.png","id":"1f685"},{"name":"bullettrain_side","image":"1f684.png","id":"1f684"},{"name":"burrito","image":"1f32f.png","id":"1f32f"},{"name":"bus","image":"1f68c.png","id":"1f68c"},{"name":"busstop","image":"1f68f.png","id":"1f68f"},{"name":"bust_in_silhouette","image":"1f464.png","id":"1f464"},{"name":"busts_in_silhouette","image":"1f465.png","id":"1f465"},{"name":"butterfly","image":"1f98b.png","id":"1f98b"},{"name":"cactus","image":"1f335.png","id":"1f335"},{"name":"cake","image":"1f370.png","id":"1f370"},{"name":"calendar","image":"1f4c6.png","id":"1f4c6"},{"name":"call_me_hand","image":"1f919.png","id":"1f919"},{"name":"calling","image":"1f4f2.png","id":"1f4f2"},{"name":"camel","image":"1f42b.png","id":"1f42b"},{"name":"camera","image":"1f4f7.png","id":"1f4f7"},{"name":"camera_with_flash","image":"1f4f8.png","id":"1f4f8"},{"name":"camping","image":"1f3d5.png","id":"1f3d5"},{"name":"cancer","image":"264b.png","id":"264b"},{"name":"candle","image":"1f56f.png","id":"1f56f"},{"name":"candy","image":"1f36c.png","id":"1f36c"},{"name":"canoe","image":"1f6f6.png","id":"1f6f6"},{"name":"capital_abcd","image":"1f520.png","id":"1f520"},{"name":"capricorn","image":"2651.png","id":"2651"},{"name":"car","image":"1f697.png","id":"1f697"},{"name":"card_file_box","image":"1f5c3.png","id":"1f5c3"},{"name":"card_index","image":"1f4c7.png","id":"1f4c7"},{"name":"card_index_dividers","image":"1f5c2.png","id":"1f5c2"},{"name":"carousel_horse","image":"1f3a0.png","id":"1f3a0"},{"name":"carrot","image":"1f955.png","id":"1f955"},{"name":"cat","image":"1f431.png","id":"1f431"},{"name":"cat2","image":"1f408.png","id":"1f408"},{"name":"cd","image":"1f4bf.png","id":"1f4bf"},{"name":"chains","image":"26d3.png","id":"26d3"},{"name":"champagne","image":"1f37e.png","id":"1f37e"},{"name":"chart","image":"1f4b9.png","id":"1f4b9"},{"name":"chart_with_downwards_trend","image":"1f4c9.png","id":"1f4c9"},{"name":"chart_with_upwards_trend","image":"1f4c8.png","id":"1f4c8"},{"name":"checkered_flag","image":"1f3c1.png","id":"1f3c1"},{"name":"cheese_wedge","image":"1f9c0.png","id":"1f9c0"},{"name":"cherries","image":"1f352.png","id":"1f352"},{"name":"cherry_blossom","image":"1f338.png","id":"1f338"},{"name":"chestnut","image":"1f330.png","id":"1f330"},{"name":"chicken","image":"1f414.png","id":"1f414"},{"name":"children_crossing","image":"1f6b8.png","id":"1f6b8"},{"name":"chipmunk","image":"1f43f.png","id":"1f43f"},{"name":"chocolate_bar","image":"1f36b.png","id":"1f36b"},{"name":"christmas_tree","image":"1f384.png","id":"1f384"},{"name":"church","image":"26ea.png","id":"26ea"},{"name":"cinema","image":"1f3a6.png","id":"1f3a6"},{"name":"circus_tent","image":"1f3aa.png","id":"1f3aa"},{"name":"city_sunrise","image":"1f307.png","id":"1f307"},{"name":"city_sunset","image":"1f306.png","id":"1f306"},{"name":"cityscape","image":"1f3d9.png","id":"1f3d9"},{"name":"cl","image":"1f191.png","id":"1f191"},{"name":"clap","image":"1f44f.png","id":"1f44f"},{"name":"clapper","image":"1f3ac.png","id":"1f3ac"},{"name":"classical_building","image":"1f3db.png","id":"1f3db"},{"name":"clinking_glasses","image":"1f942.png","id":"1f942"},{"name":"clipboard","image":"1f4cb.png","id":"1f4cb"},{"name":"clock1","image":"1f550.png","id":"1f550"},{"name":"clock10","image":"1f559.png","id":"1f559"},{"name":"clock1030","image":"1f565.png","id":"1f565"},{"name":"clock11","image":"1f55a.png","id":"1f55a"},{"name":"clock1130","image":"1f566.png","id":"1f566"},{"name":"clock12","image":"1f55b.png","id":"1f55b"},{"name":"clock1230","image":"1f567.png","id":"1f567"},{"name":"clock130","image":"1f55c.png","id":"1f55c"},{"name":"clock2","image":"1f551.png","id":"1f551"},{"name":"clock230","image":"1f55d.png","id":"1f55d"},{"name":"clock3","image":"1f552.png","id":"1f552"},{"name":"clock330","image":"1f55e.png","id":"1f55e"},{"name":"clock4","image":"1f553.png","id":"1f553"},{"name":"clock430","image":"1f55f.png","id":"1f55f"},{"name":"clock5","image":"1f554.png","id":"1f554"},{"name":"clock530","image":"1f560.png","id":"1f560"},{"name":"clock6","image":"1f555.png","id":"1f555"},{"name":"clock630","image":"1f561.png","id":"1f561"},{"name":"clock7","image":"1f556.png","id":"1f556"},{"name":"clock730","image":"1f562.png","id":"1f562"},{"name":"clock8","image":"1f557.png","id":"1f557"},{"name":"clock830","image":"1f563.png","id":"1f563"},{"name":"clock9","image":"1f558.png","id":"1f558"},{"name":"clock930","image":"1f564.png","id":"1f564"},{"name":"closed_book","image":"1f4d5.png","id":"1f4d5"},{"name":"closed_lock_with_key","image":"1f510.png","id":"1f510"},{"name":"closed_umbrella","image":"1f302.png","id":"1f302"},{"name":"cloud","image":"2601.png","id":"2601"},{"name":"clown_face","image":"1f921.png","id":"1f921"},{"name":"clubs","image":"2663.png","id":"2663"},{"name":"cn","image":"1f1e8-1f1f3.png","id":"1f1e8-1f1f3"},{"name":"cocktail","image":"1f378.png","id":"1f378"},{"name":"coffee","image":"2615.png","id":"2615"},{"name":"coffin","image":"26b0.png","id":"26b0"},{"name":"cold_sweat","image":"1f630.png","id":"1f630"},{"name":"collision","image":"1f4a5.png","id":"1f4a5"},{"name":"comet","image":"2604.png","id":"2604"},{"name":"compression","image":"1f5dc.png","id":"1f5dc"},{"name":"computer","image":"1f4bb.png","id":"1f4bb"},{"name":"confetti_ball","image":"1f38a.png","id":"1f38a"},{"name":"confounded","image":"1f616.png","id":"1f616"},{"name":"confused","image":"1f615.png","id":"1f615"},{"name":"congratulations","image":"3297.png","id":"3297"},{"name":"construction","image":"1f6a7.png","id":"1f6a7"},{"name":"construction_worker","image":"1f477.png","id":"1f477"},{"name":"control_knobs","image":"1f39b.png","id":"1f39b"},{"name":"convenience_store","image":"1f3ea.png","id":"1f3ea"},{"name":"cookie","image":"1f36a.png","id":"1f36a"},{"name":"cooking","image":"1f373.png","id":"1f373"},{"name":"cool","image":"1f192.png","id":"1f192"},{"name":"cop","image":"1f46e.png","id":"1f46e"},{"name":"corn","image":"1f33d.png","id":"1f33d"},{"name":"couch_and_lamp","image":"1f6cb.png","id":"1f6cb"},{"name":"couple","image":"1f46b.png","id":"1f46b"},{"name":"couple_with_heart","image":"1f491.png","id":"1f491"},{"name":"couplekiss","image":"1f48f.png","id":"1f48f"},{"name":"cow","image":"1f42e.png","id":"1f42e"},{"name":"cow2","image":"1f404.png","id":"1f404"},{"name":"crab","image":"1f980.png","id":"1f980"},{"name":"credit_card","image":"1f4b3.png","id":"1f4b3"},{"name":"crescent_moon","image":"1f319.png","id":"1f319"},{"name":"cricket_bat_and_ball","image":"1f3cf.png","id":"1f3cf"},{"name":"crocodile","image":"1f40a.png","id":"1f40a"},{"name":"croissant","image":"1f950.png","id":"1f950"},{"name":"crossed_flags","image":"1f38c.png","id":"1f38c"},{"name":"crossed_swords","image":"2694.png","id":"2694"},{"name":"crown","image":"1f451.png","id":"1f451"},{"name":"cry","image":"1f622.png","id":"1f622"},{"name":"crying_cat_face","image":"1f63f.png","id":"1f63f"},{"name":"crystal_ball","image":"1f52e.png","id":"1f52e"},{"name":"cucumber","image":"1f952.png","id":"1f952"},{"name":"cupid","image":"1f498.png","id":"1f498"},{"name":"curly_loop","image":"27b0.png","id":"27b0"},{"name":"currency_exchange","image":"1f4b1.png","id":"1f4b1"},{"name":"curry","image":"1f35b.png","id":"1f35b"},{"name":"custard","image":"1f36e.png","id":"1f36e"},{"name":"customs","image":"1f6c3.png","id":"1f6c3"},{"name":"cyclone","image":"1f300.png","id":"1f300"},{"name":"dagger_knife","image":"1f5e1.png","id":"1f5e1"},{"name":"dancer","image":"1f483.png","id":"1f483"},{"name":"dancers","image":"1f46f.png","id":"1f46f"},{"name":"dango","image":"1f361.png","id":"1f361"},{"name":"dark_sunglasses","image":"1f576.png","id":"1f576"},{"name":"dart","image":"1f3af.png","id":"1f3af"},{"name":"dash","image":"1f4a8.png","id":"1f4a8"},{"name":"date","image":"1f4c5.png","id":"1f4c5"},{"name":"de","image":"1f1e9-1f1ea.png","id":"1f1e9-1f1ea"},{"name":"deciduous_tree","image":"1f333.png","id":"1f333"},{"name":"deer","image":"1f98c.png","id":"1f98c"},{"name":"department_store","image":"1f3ec.png","id":"1f3ec"},{"name":"derelict_house_building","image":"1f3da.png","id":"1f3da"},{"name":"desert","image":"1f3dc.png","id":"1f3dc"},{"name":"desert_island","image":"1f3dd.png","id":"1f3dd"},{"name":"desktop_computer","image":"1f5a5.png","id":"1f5a5"},{"name":"diamond_shape_with_a_dot_inside","image":"1f4a0.png","id":"1f4a0"},{"name":"diamonds","image":"2666.png","id":"2666"},{"name":"disappointed","image":"1f61e.png","id":"1f61e"},{"name":"disappointed_relieved","image":"1f625.png","id":"1f625"},{"name":"dizzy","image":"1f4ab.png","id":"1f4ab"},{"name":"dizzy_face","image":"1f635.png","id":"1f635"},{"name":"do_not_litter","image":"1f6af.png","id":"1f6af"},{"name":"dog","image":"1f436.png","id":"1f436"},{"name":"dog2","image":"1f415.png","id":"1f415"},{"name":"dollar","image":"1f4b5.png","id":"1f4b5"},{"name":"dolls","image":"1f38e.png","id":"1f38e"},{"name":"dolphin","image":"1f42c.png","id":"1f42c"},{"name":"door","image":"1f6aa.png","id":"1f6aa"},{"name":"double_vertical_bar","image":"23f8.png","id":"23f8"},{"name":"doughnut","image":"1f369.png","id":"1f369"},{"name":"dove_of_peace","image":"1f54a.png","id":"1f54a"},{"name":"dragon","image":"1f409.png","id":"1f409"},{"name":"dragon_face","image":"1f432.png","id":"1f432"},{"name":"dress","image":"1f457.png","id":"1f457"},{"name":"dromedary_camel","image":"1f42a.png","id":"1f42a"},{"name":"drooling_face","image":"1f924.png","id":"1f924"},{"name":"droplet","image":"1f4a7.png","id":"1f4a7"},{"name":"drum_with_drumsticks","image":"1f941.png","id":"1f941"},{"name":"duck","image":"1f986.png","id":"1f986"},{"name":"dvd","image":"1f4c0.png","id":"1f4c0"},{"name":"e-mail","image":"1f4e7.png","id":"1f4e7"},{"name":"eagle","image":"1f985.png","id":"1f985"},{"name":"ear","image":"1f442.png","id":"1f442"},{"name":"ear_of_rice","image":"1f33e.png","id":"1f33e"},{"name":"earth_africa","image":"1f30d.png","id":"1f30d"},{"name":"earth_americas","image":"1f30e.png","id":"1f30e"},{"name":"earth_asia","image":"1f30f.png","id":"1f30f"},{"name":"egg","image":"1f95a.png","id":"1f95a"},{"name":"eggplant","image":"1f346.png","id":"1f346"},{"name":"eight","image":"0038-20e3.png","id":"0038-20e3"},{"name":"eight_pointed_black_star","image":"2734.png","id":"2734"},{"name":"eight_spoked_asterisk","image":"2733.png","id":"2733"},{"name":"eject","image":"23cf.png","id":"23cf"},{"name":"electric_plug","image":"1f50c.png","id":"1f50c"},{"name":"elephant","image":"1f418.png","id":"1f418"},{"name":"email","image":"2709.png","id":"2709"},{"name":"end","image":"1f51a.png","id":"1f51a"},{"name":"envelope","image":"2709.png","id":"2709"},{"name":"envelope_with_arrow","image":"1f4e9.png","id":"1f4e9"},{"name":"es","image":"1f1ea-1f1f8.png","id":"1f1ea-1f1f8"},{"name":"euro","image":"1f4b6.png","id":"1f4b6"},{"name":"european_castle","image":"1f3f0.png","id":"1f3f0"},{"name":"european_post_office","image":"1f3e4.png","id":"1f3e4"},{"name":"evergreen_tree","image":"1f332.png","id":"1f332"},{"name":"exclamation","image":"2757.png","id":"2757"},{"name":"expressionless","image":"1f611.png","id":"1f611"},{"name":"eye","image":"1f441.png","id":"1f441"},{"name":"eyeglasses","image":"1f453.png","id":"1f453"},{"name":"eyes","image":"1f440.png","id":"1f440"},{"name":"face_palm","image":"1f926.png","id":"1f926"},{"name":"face_with_cowboy_hat","image":"1f920.png","id":"1f920"},{"name":"face_with_head_bandage","image":"1f915.png","id":"1f915"},{"name":"face_with_rolling_eyes","image":"1f644.png","id":"1f644"},{"name":"face_with_thermometer","image":"1f912.png","id":"1f912"},{"name":"facepunch","image":"1f44a.png","id":"1f44a"},{"name":"factory","image":"1f3ed.png","id":"1f3ed"},{"name":"fallen_leaf","image":"1f342.png","id":"1f342"},{"name":"family","image":"1f468-200d-1f469-200d-1f466.png","id":"1f468-200d-1f469-200d-1f466"},{"name":"family","image":"1f46a.png","id":"1f46a"},{"name":"fast_forward","image":"23e9.png","id":"23e9"},{"name":"fax","image":"1f4e0.png","id":"1f4e0"},{"name":"fearful","image":"1f628.png","id":"1f628"},{"name":"feet","image":"1f43e.png","id":"1f43e"},{"name":"female-artist","image":"1f469-200d-1f3a8.png","id":"1f469-200d-1f3a8"},{"name":"female-astronaut","image":"1f469-200d-1f680.png","id":"1f469-200d-1f680"},{"name":"female-construction-worker","image":"1f477-200d-2640-fe0f.png","id":"1f477-200d-2640-fe0f"},{"name":"female-cook","image":"1f469-200d-1f373.png","id":"1f469-200d-1f373"},{"name":"female-detective","image":"1f575-fe0f-200d-2640-fe0f.png","id":"1f575-fe0f-200d-2640-fe0f"},{"name":"female-doctor","image":"1f469-200d-2695-fe0f.png","id":"1f469-200d-2695-fe0f"},{"name":"female-factory-worker","image":"1f469-200d-1f3ed.png","id":"1f469-200d-1f3ed"},{"name":"female-farmer","image":"1f469-200d-1f33e.png","id":"1f469-200d-1f33e"},{"name":"female-firefighter","image":"1f469-200d-1f692.png","id":"1f469-200d-1f692"},{"name":"female-guard","image":"1f482-200d-2640-fe0f.png","id":"1f482-200d-2640-fe0f"},{"name":"female-judge","image":"1f469-200d-2696-fe0f.png","id":"1f469-200d-2696-fe0f"},{"name":"female-mechanic","image":"1f469-200d-1f527.png","id":"1f469-200d-1f527"},{"name":"female-office-worker","image":"1f469-200d-1f4bc.png","id":"1f469-200d-1f4bc"},{"name":"female-pilot","image":"1f469-200d-2708-fe0f.png","id":"1f469-200d-2708-fe0f"},{"name":"female-police-officer","image":"1f46e-200d-2640-fe0f.png","id":"1f46e-200d-2640-fe0f"},{"name":"female-scientist","image":"1f469-200d-1f52c.png","id":"1f469-200d-1f52c"},{"name":"female-singer","image":"1f469-200d-1f3a4.png","id":"1f469-200d-1f3a4"},{"name":"female-student","image":"1f469-200d-1f393.png","id":"1f469-200d-1f393"},{"name":"female-teacher","image":"1f469-200d-1f3eb.png","id":"1f469-200d-1f3eb"},{"name":"female-technologist","image":"1f469-200d-1f4bb.png","id":"1f469-200d-1f4bb"},{"name":"female_sign","image":"2640.png","id":"2640"},{"name":"fencer","image":"1f93a.png","id":"1f93a"},{"name":"ferris_wheel","image":"1f3a1.png","id":"1f3a1"},{"name":"ferry","image":"26f4.png","id":"26f4"},{"name":"field_hockey_stick_and_ball","image":"1f3d1.png","id":"1f3d1"},{"name":"file_cabinet","image":"1f5c4.png","id":"1f5c4"},{"name":"file_folder","image":"1f4c1.png","id":"1f4c1"},{"name":"film_frames","image":"1f39e.png","id":"1f39e"},{"name":"film_projector","image":"1f4fd.png","id":"1f4fd"},{"name":"fire","image":"1f525.png","id":"1f525"},{"name":"fire_engine","image":"1f692.png","id":"1f692"},{"name":"fireworks","image":"1f386.png","id":"1f386"},{"name":"first_place_medal","image":"1f947.png","id":"1f947"},{"name":"first_quarter_moon","image":"1f313.png","id":"1f313"},{"name":"first_quarter_moon_with_face","image":"1f31b.png","id":"1f31b"},{"name":"fish","image":"1f41f.png","id":"1f41f"},{"name":"fish_cake","image":"1f365.png","id":"1f365"},{"name":"fishing_pole_and_fish","image":"1f3a3.png","id":"1f3a3"},{"name":"fist","image":"270a.png","id":"270a"},{"name":"five","image":"0035-20e3.png","id":"0035-20e3"},{"name":"flag-ac","image":"1f1e6-1f1e8.png","id":"1f1e6-1f1e8"},{"name":"flag-ad","image":"1f1e6-1f1e9.png","id":"1f1e6-1f1e9"},{"name":"flag-ae","image":"1f1e6-1f1ea.png","id":"1f1e6-1f1ea"},{"name":"flag-af","image":"1f1e6-1f1eb.png","id":"1f1e6-1f1eb"},{"name":"flag-ag","image":"1f1e6-1f1ec.png","id":"1f1e6-1f1ec"},{"name":"flag-ai","image":"1f1e6-1f1ee.png","id":"1f1e6-1f1ee"},{"name":"flag-al","image":"1f1e6-1f1f1.png","id":"1f1e6-1f1f1"},{"name":"flag-am","image":"1f1e6-1f1f2.png","id":"1f1e6-1f1f2"},{"name":"flag-ao","image":"1f1e6-1f1f4.png","id":"1f1e6-1f1f4"},{"name":"flag-aq","image":"1f1e6-1f1f6.png","id":"1f1e6-1f1f6"},{"name":"flag-ar","image":"1f1e6-1f1f7.png","id":"1f1e6-1f1f7"},{"name":"flag-as","image":"1f1e6-1f1f8.png","id":"1f1e6-1f1f8"},{"name":"flag-at","image":"1f1e6-1f1f9.png","id":"1f1e6-1f1f9"},{"name":"flag-au","image":"1f1e6-1f1fa.png","id":"1f1e6-1f1fa"},{"name":"flag-aw","image":"1f1e6-1f1fc.png","id":"1f1e6-1f1fc"},{"name":"flag-ax","image":"1f1e6-1f1fd.png","id":"1f1e6-1f1fd"},{"name":"flag-az","image":"1f1e6-1f1ff.png","id":"1f1e6-1f1ff"},{"name":"flag-ba","image":"1f1e7-1f1e6.png","id":"1f1e7-1f1e6"},{"name":"flag-bb","image":"1f1e7-1f1e7.png","id":"1f1e7-1f1e7"},{"name":"flag-bd","image":"1f1e7-1f1e9.png","id":"1f1e7-1f1e9"},{"name":"flag-be","image":"1f1e7-1f1ea.png","id":"1f1e7-1f1ea"},{"name":"flag-bf","image":"1f1e7-1f1eb.png","id":"1f1e7-1f1eb"},{"name":"flag-bg","image":"1f1e7-1f1ec.png","id":"1f1e7-1f1ec"},{"name":"flag-bh","image":"1f1e7-1f1ed.png","id":"1f1e7-1f1ed"},{"name":"flag-bi","image":"1f1e7-1f1ee.png","id":"1f1e7-1f1ee"},{"name":"flag-bj","image":"1f1e7-1f1ef.png","id":"1f1e7-1f1ef"},{"name":"flag-bl","image":"1f1e7-1f1f1.png","id":"1f1e7-1f1f1"},{"name":"flag-bm","image":"1f1e7-1f1f2.png","id":"1f1e7-1f1f2"},{"name":"flag-bn","image":"1f1e7-1f1f3.png","id":"1f1e7-1f1f3"},{"name":"flag-bo","image":"1f1e7-1f1f4.png","id":"1f1e7-1f1f4"},{"name":"flag-bq","image":"1f1e7-1f1f6.png","id":"1f1e7-1f1f6"},{"name":"flag-br","image":"1f1e7-1f1f7.png","id":"1f1e7-1f1f7"},{"name":"flag-bs","image":"1f1e7-1f1f8.png","id":"1f1e7-1f1f8"},{"name":"flag-bt","image":"1f1e7-1f1f9.png","id":"1f1e7-1f1f9"},{"name":"flag-bv","image":"1f1e7-1f1fb.png","id":"1f1e7-1f1fb"},{"name":"flag-bw","image":"1f1e7-1f1fc.png","id":"1f1e7-1f1fc"},{"name":"flag-by","image":"1f1e7-1f1fe.png","id":"1f1e7-1f1fe"},{"name":"flag-bz","image":"1f1e7-1f1ff.png","id":"1f1e7-1f1ff"},{"name":"flag-ca","image":"1f1e8-1f1e6.png","id":"1f1e8-1f1e6"},{"name":"flag-cc","image":"1f1e8-1f1e8.png","id":"1f1e8-1f1e8"},{"name":"flag-cd","image":"1f1e8-1f1e9.png","id":"1f1e8-1f1e9"},{"name":"flag-cf","image":"1f1e8-1f1eb.png","id":"1f1e8-1f1eb"},{"name":"flag-cg","image":"1f1e8-1f1ec.png","id":"1f1e8-1f1ec"},{"name":"flag-ch","image":"1f1e8-1f1ed.png","id":"1f1e8-1f1ed"},{"name":"flag-ci","image":"1f1e8-1f1ee.png","id":"1f1e8-1f1ee"},{"name":"flag-ck","image":"1f1e8-1f1f0.png","id":"1f1e8-1f1f0"},{"name":"flag-cl","image":"1f1e8-1f1f1.png","id":"1f1e8-1f1f1"},{"name":"flag-cm","image":"1f1e8-1f1f2.png","id":"1f1e8-1f1f2"},{"name":"flag-cn","image":"1f1e8-1f1f3.png","id":"1f1e8-1f1f3"},{"name":"flag-co","image":"1f1e8-1f1f4.png","id":"1f1e8-1f1f4"},{"name":"flag-cp","image":"1f1e8-1f1f5.png","id":"1f1e8-1f1f5"},{"name":"flag-cr","image":"1f1e8-1f1f7.png","id":"1f1e8-1f1f7"},{"name":"flag-cu","image":"1f1e8-1f1fa.png","id":"1f1e8-1f1fa"},{"name":"flag-cv","image":"1f1e8-1f1fb.png","id":"1f1e8-1f1fb"},{"name":"flag-cw","image":"1f1e8-1f1fc.png","id":"1f1e8-1f1fc"},{"name":"flag-cx","image":"1f1e8-1f1fd.png","id":"1f1e8-1f1fd"},{"name":"flag-cy","image":"1f1e8-1f1fe.png","id":"1f1e8-1f1fe"},{"name":"flag-cz","image":"1f1e8-1f1ff.png","id":"1f1e8-1f1ff"},{"name":"flag-de","image":"1f1e9-1f1ea.png","id":"1f1e9-1f1ea"},{"name":"flag-dg","image":"1f1e9-1f1ec.png","id":"1f1e9-1f1ec"},{"name":"flag-dj","image":"1f1e9-1f1ef.png","id":"1f1e9-1f1ef"},{"name":"flag-dk","image":"1f1e9-1f1f0.png","id":"1f1e9-1f1f0"},{"name":"flag-dm","image":"1f1e9-1f1f2.png","id":"1f1e9-1f1f2"},{"name":"flag-do","image":"1f1e9-1f1f4.png","id":"1f1e9-1f1f4"},{"name":"flag-dz","image":"1f1e9-1f1ff.png","id":"1f1e9-1f1ff"},{"name":"flag-ea","image":"1f1ea-1f1e6.png","id":"1f1ea-1f1e6"},{"name":"flag-ec","image":"1f1ea-1f1e8.png","id":"1f1ea-1f1e8"},{"name":"flag-ee","image":"1f1ea-1f1ea.png","id":"1f1ea-1f1ea"},{"name":"flag-eg","image":"1f1ea-1f1ec.png","id":"1f1ea-1f1ec"},{"name":"flag-eh","image":"1f1ea-1f1ed.png","id":"1f1ea-1f1ed"},{"name":"flag-er","image":"1f1ea-1f1f7.png","id":"1f1ea-1f1f7"},{"name":"flag-es","image":"1f1ea-1f1f8.png","id":"1f1ea-1f1f8"},{"name":"flag-et","image":"1f1ea-1f1f9.png","id":"1f1ea-1f1f9"},{"name":"flag-eu","image":"1f1ea-1f1fa.png","id":"1f1ea-1f1fa"},{"name":"flag-fi","image":"1f1eb-1f1ee.png","id":"1f1eb-1f1ee"},{"name":"flag-fj","image":"1f1eb-1f1ef.png","id":"1f1eb-1f1ef"},{"name":"flag-fk","image":"1f1eb-1f1f0.png","id":"1f1eb-1f1f0"},{"name":"flag-fm","image":"1f1eb-1f1f2.png","id":"1f1eb-1f1f2"},{"name":"flag-fo","image":"1f1eb-1f1f4.png","id":"1f1eb-1f1f4"},{"name":"flag-fr","image":"1f1eb-1f1f7.png","id":"1f1eb-1f1f7"},{"name":"flag-ga","image":"1f1ec-1f1e6.png","id":"1f1ec-1f1e6"},{"name":"flag-gb","image":"1f1ec-1f1e7.png","id":"1f1ec-1f1e7"},{"name":"flag-gd","image":"1f1ec-1f1e9.png","id":"1f1ec-1f1e9"},{"name":"flag-ge","image":"1f1ec-1f1ea.png","id":"1f1ec-1f1ea"},{"name":"flag-gf","image":"1f1ec-1f1eb.png","id":"1f1ec-1f1eb"},{"name":"flag-gg","image":"1f1ec-1f1ec.png","id":"1f1ec-1f1ec"},{"name":"flag-gh","image":"1f1ec-1f1ed.png","id":"1f1ec-1f1ed"},{"name":"flag-gi","image":"1f1ec-1f1ee.png","id":"1f1ec-1f1ee"},{"name":"flag-gl","image":"1f1ec-1f1f1.png","id":"1f1ec-1f1f1"},{"name":"flag-gm","image":"1f1ec-1f1f2.png","id":"1f1ec-1f1f2"},{"name":"flag-gn","image":"1f1ec-1f1f3.png","id":"1f1ec-1f1f3"},{"name":"flag-gp","image":"1f1ec-1f1f5.png","id":"1f1ec-1f1f5"},{"name":"flag-gq","image":"1f1ec-1f1f6.png","id":"1f1ec-1f1f6"},{"name":"flag-gr","image":"1f1ec-1f1f7.png","id":"1f1ec-1f1f7"},{"name":"flag-gs","image":"1f1ec-1f1f8.png","id":"1f1ec-1f1f8"},{"name":"flag-gt","image":"1f1ec-1f1f9.png","id":"1f1ec-1f1f9"},{"name":"flag-gu","image":"1f1ec-1f1fa.png","id":"1f1ec-1f1fa"},{"name":"flag-gw","image":"1f1ec-1f1fc.png","id":"1f1ec-1f1fc"},{"name":"flag-gy","image":"1f1ec-1f1fe.png","id":"1f1ec-1f1fe"},{"name":"flag-hk","image":"1f1ed-1f1f0.png","id":"1f1ed-1f1f0"},{"name":"flag-hm","image":"1f1ed-1f1f2.png","id":"1f1ed-1f1f2"},{"name":"flag-hn","image":"1f1ed-1f1f3.png","id":"1f1ed-1f1f3"},{"name":"flag-hr","image":"1f1ed-1f1f7.png","id":"1f1ed-1f1f7"},{"name":"flag-ht","image":"1f1ed-1f1f9.png","id":"1f1ed-1f1f9"},{"name":"flag-hu","image":"1f1ed-1f1fa.png","id":"1f1ed-1f1fa"},{"name":"flag-ic","image":"1f1ee-1f1e8.png","id":"1f1ee-1f1e8"},{"name":"flag-id","image":"1f1ee-1f1e9.png","id":"1f1ee-1f1e9"},{"name":"flag-ie","image":"1f1ee-1f1ea.png","id":"1f1ee-1f1ea"},{"name":"flag-il","image":"1f1ee-1f1f1.png","id":"1f1ee-1f1f1"},{"name":"flag-im","image":"1f1ee-1f1f2.png","id":"1f1ee-1f1f2"},{"name":"flag-in","image":"1f1ee-1f1f3.png","id":"1f1ee-1f1f3"},{"name":"flag-io","image":"1f1ee-1f1f4.png","id":"1f1ee-1f1f4"},{"name":"flag-iq","image":"1f1ee-1f1f6.png","id":"1f1ee-1f1f6"},{"name":"flag-ir","image":"1f1ee-1f1f7.png","id":"1f1ee-1f1f7"},{"name":"flag-is","image":"1f1ee-1f1f8.png","id":"1f1ee-1f1f8"},{"name":"flag-it","image":"1f1ee-1f1f9.png","id":"1f1ee-1f1f9"},{"name":"flag-je","image":"1f1ef-1f1ea.png","id":"1f1ef-1f1ea"},{"name":"flag-jm","image":"1f1ef-1f1f2.png","id":"1f1ef-1f1f2"},{"name":"flag-jo","image":"1f1ef-1f1f4.png","id":"1f1ef-1f1f4"},{"name":"flag-jp","image":"1f1ef-1f1f5.png","id":"1f1ef-1f1f5"},{"name":"flag-ke","image":"1f1f0-1f1ea.png","id":"1f1f0-1f1ea"},{"name":"flag-kg","image":"1f1f0-1f1ec.png","id":"1f1f0-1f1ec"},{"name":"flag-kh","image":"1f1f0-1f1ed.png","id":"1f1f0-1f1ed"},{"name":"flag-ki","image":"1f1f0-1f1ee.png","id":"1f1f0-1f1ee"},{"name":"flag-km","image":"1f1f0-1f1f2.png","id":"1f1f0-1f1f2"},{"name":"flag-kn","image":"1f1f0-1f1f3.png","id":"1f1f0-1f1f3"},{"name":"flag-kp","image":"1f1f0-1f1f5.png","id":"1f1f0-1f1f5"},{"name":"flag-kr","image":"1f1f0-1f1f7.png","id":"1f1f0-1f1f7"},{"name":"flag-kw","image":"1f1f0-1f1fc.png","id":"1f1f0-1f1fc"},{"name":"flag-ky","image":"1f1f0-1f1fe.png","id":"1f1f0-1f1fe"},{"name":"flag-kz","image":"1f1f0-1f1ff.png","id":"1f1f0-1f1ff"},{"name":"flag-la","image":"1f1f1-1f1e6.png","id":"1f1f1-1f1e6"},{"name":"flag-lb","image":"1f1f1-1f1e7.png","id":"1f1f1-1f1e7"},{"name":"flag-lc","image":"1f1f1-1f1e8.png","id":"1f1f1-1f1e8"},{"name":"flag-li","image":"1f1f1-1f1ee.png","id":"1f1f1-1f1ee"},{"name":"flag-lk","image":"1f1f1-1f1f0.png","id":"1f1f1-1f1f0"},{"name":"flag-lr","image":"1f1f1-1f1f7.png","id":"1f1f1-1f1f7"},{"name":"flag-ls","image":"1f1f1-1f1f8.png","id":"1f1f1-1f1f8"},{"name":"flag-lt","image":"1f1f1-1f1f9.png","id":"1f1f1-1f1f9"},{"name":"flag-lu","image":"1f1f1-1f1fa.png","id":"1f1f1-1f1fa"},{"name":"flag-lv","image":"1f1f1-1f1fb.png","id":"1f1f1-1f1fb"},{"name":"flag-ly","image":"1f1f1-1f1fe.png","id":"1f1f1-1f1fe"},{"name":"flag-ma","image":"1f1f2-1f1e6.png","id":"1f1f2-1f1e6"},{"name":"flag-mc","image":"1f1f2-1f1e8.png","id":"1f1f2-1f1e8"},{"name":"flag-md","image":"1f1f2-1f1e9.png","id":"1f1f2-1f1e9"},{"name":"flag-me","image":"1f1f2-1f1ea.png","id":"1f1f2-1f1ea"},{"name":"flag-mf","image":"1f1f2-1f1eb.png","id":"1f1f2-1f1eb"},{"name":"flag-mg","image":"1f1f2-1f1ec.png","id":"1f1f2-1f1ec"},{"name":"flag-mh","image":"1f1f2-1f1ed.png","id":"1f1f2-1f1ed"},{"name":"flag-mk","image":"1f1f2-1f1f0.png","id":"1f1f2-1f1f0"},{"name":"flag-ml","image":"1f1f2-1f1f1.png","id":"1f1f2-1f1f1"},{"name":"flag-mm","image":"1f1f2-1f1f2.png","id":"1f1f2-1f1f2"},{"name":"flag-mn","image":"1f1f2-1f1f3.png","id":"1f1f2-1f1f3"},{"name":"flag-mo","image":"1f1f2-1f1f4.png","id":"1f1f2-1f1f4"},{"name":"flag-mp","image":"1f1f2-1f1f5.png","id":"1f1f2-1f1f5"},{"name":"flag-mq","image":"1f1f2-1f1f6.png","id":"1f1f2-1f1f6"},{"name":"flag-mr","image":"1f1f2-1f1f7.png","id":"1f1f2-1f1f7"},{"name":"flag-ms","image":"1f1f2-1f1f8.png","id":"1f1f2-1f1f8"},{"name":"flag-mt","image":"1f1f2-1f1f9.png","id":"1f1f2-1f1f9"},{"name":"flag-mu","image":"1f1f2-1f1fa.png","id":"1f1f2-1f1fa"},{"name":"flag-mv","image":"1f1f2-1f1fb.png","id":"1f1f2-1f1fb"},{"name":"flag-mw","image":"1f1f2-1f1fc.png","id":"1f1f2-1f1fc"},{"name":"flag-mx","image":"1f1f2-1f1fd.png","id":"1f1f2-1f1fd"},{"name":"flag-my","image":"1f1f2-1f1fe.png","id":"1f1f2-1f1fe"},{"name":"flag-mz","image":"1f1f2-1f1ff.png","id":"1f1f2-1f1ff"},{"name":"flag-na","image":"1f1f3-1f1e6.png","id":"1f1f3-1f1e6"},{"name":"flag-nc","image":"1f1f3-1f1e8.png","id":"1f1f3-1f1e8"},{"name":"flag-ne","image":"1f1f3-1f1ea.png","id":"1f1f3-1f1ea"},{"name":"flag-nf","image":"1f1f3-1f1eb.png","id":"1f1f3-1f1eb"},{"name":"flag-ng","image":"1f1f3-1f1ec.png","id":"1f1f3-1f1ec"},{"name":"flag-ni","image":"1f1f3-1f1ee.png","id":"1f1f3-1f1ee"},{"name":"flag-nl","image":"1f1f3-1f1f1.png","id":"1f1f3-1f1f1"},{"name":"flag-no","image":"1f1f3-1f1f4.png","id":"1f1f3-1f1f4"},{"name":"flag-np","image":"1f1f3-1f1f5.png","id":"1f1f3-1f1f5"},{"name":"flag-nr","image":"1f1f3-1f1f7.png","id":"1f1f3-1f1f7"},{"name":"flag-nu","image":"1f1f3-1f1fa.png","id":"1f1f3-1f1fa"},{"name":"flag-nz","image":"1f1f3-1f1ff.png","id":"1f1f3-1f1ff"},{"name":"flag-om","image":"1f1f4-1f1f2.png","id":"1f1f4-1f1f2"},{"name":"flag-pa","image":"1f1f5-1f1e6.png","id":"1f1f5-1f1e6"},{"name":"flag-pe","image":"1f1f5-1f1ea.png","id":"1f1f5-1f1ea"},{"name":"flag-pf","image":"1f1f5-1f1eb.png","id":"1f1f5-1f1eb"},{"name":"flag-pg","image":"1f1f5-1f1ec.png","id":"1f1f5-1f1ec"},{"name":"flag-ph","image":"1f1f5-1f1ed.png","id":"1f1f5-1f1ed"},{"name":"flag-pk","image":"1f1f5-1f1f0.png","id":"1f1f5-1f1f0"},{"name":"flag-pl","image":"1f1f5-1f1f1.png","id":"1f1f5-1f1f1"},{"name":"flag-pm","image":"1f1f5-1f1f2.png","id":"1f1f5-1f1f2"},{"name":"flag-pn","image":"1f1f5-1f1f3.png","id":"1f1f5-1f1f3"},{"name":"flag-pr","image":"1f1f5-1f1f7.png","id":"1f1f5-1f1f7"},{"name":"flag-ps","image":"1f1f5-1f1f8.png","id":"1f1f5-1f1f8"},{"name":"flag-pt","image":"1f1f5-1f1f9.png","id":"1f1f5-1f1f9"},{"name":"flag-pw","image":"1f1f5-1f1fc.png","id":"1f1f5-1f1fc"},{"name":"flag-py","image":"1f1f5-1f1fe.png","id":"1f1f5-1f1fe"},{"name":"flag-qa","image":"1f1f6-1f1e6.png","id":"1f1f6-1f1e6"},{"name":"flag-re","image":"1f1f7-1f1ea.png","id":"1f1f7-1f1ea"},{"name":"flag-ro","image":"1f1f7-1f1f4.png","id":"1f1f7-1f1f4"},{"name":"flag-rs","image":"1f1f7-1f1f8.png","id":"1f1f7-1f1f8"},{"name":"flag-ru","image":"1f1f7-1f1fa.png","id":"1f1f7-1f1fa"},{"name":"flag-rw","image":"1f1f7-1f1fc.png","id":"1f1f7-1f1fc"},{"name":"flag-sa","image":"1f1f8-1f1e6.png","id":"1f1f8-1f1e6"},{"name":"flag-sb","image":"1f1f8-1f1e7.png","id":"1f1f8-1f1e7"},{"name":"flag-sc","image":"1f1f8-1f1e8.png","id":"1f1f8-1f1e8"},{"name":"flag-sd","image":"1f1f8-1f1e9.png","id":"1f1f8-1f1e9"},{"name":"flag-se","image":"1f1f8-1f1ea.png","id":"1f1f8-1f1ea"},{"name":"flag-sg","image":"1f1f8-1f1ec.png","id":"1f1f8-1f1ec"},{"name":"flag-sh","image":"1f1f8-1f1ed.png","id":"1f1f8-1f1ed"},{"name":"flag-si","image":"1f1f8-1f1ee.png","id":"1f1f8-1f1ee"},{"name":"flag-sj","image":"1f1f8-1f1ef.png","id":"1f1f8-1f1ef"},{"name":"flag-sk","image":"1f1f8-1f1f0.png","id":"1f1f8-1f1f0"},{"name":"flag-sl","image":"1f1f8-1f1f1.png","id":"1f1f8-1f1f1"},{"name":"flag-sm","image":"1f1f8-1f1f2.png","id":"1f1f8-1f1f2"},{"name":"flag-sn","image":"1f1f8-1f1f3.png","id":"1f1f8-1f1f3"},{"name":"flag-so","image":"1f1f8-1f1f4.png","id":"1f1f8-1f1f4"},{"name":"flag-sr","image":"1f1f8-1f1f7.png","id":"1f1f8-1f1f7"},{"name":"flag-ss","image":"1f1f8-1f1f8.png","id":"1f1f8-1f1f8"},{"name":"flag-st","image":"1f1f8-1f1f9.png","id":"1f1f8-1f1f9"},{"name":"flag-sv","image":"1f1f8-1f1fb.png","id":"1f1f8-1f1fb"},{"name":"flag-sx","image":"1f1f8-1f1fd.png","id":"1f1f8-1f1fd"},{"name":"flag-sy","image":"1f1f8-1f1fe.png","id":"1f1f8-1f1fe"},{"name":"flag-sz","image":"1f1f8-1f1ff.png","id":"1f1f8-1f1ff"},{"name":"flag-ta","image":"1f1f9-1f1e6.png","id":"1f1f9-1f1e6"},{"name":"flag-tc","image":"1f1f9-1f1e8.png","id":"1f1f9-1f1e8"},{"name":"flag-td","image":"1f1f9-1f1e9.png","id":"1f1f9-1f1e9"},{"name":"flag-tf","image":"1f1f9-1f1eb.png","id":"1f1f9-1f1eb"},{"name":"flag-tg","image":"1f1f9-1f1ec.png","id":"1f1f9-1f1ec"},{"name":"flag-th","image":"1f1f9-1f1ed.png","id":"1f1f9-1f1ed"},{"name":"flag-tj","image":"1f1f9-1f1ef.png","id":"1f1f9-1f1ef"},{"name":"flag-tk","image":"1f1f9-1f1f0.png","id":"1f1f9-1f1f0"},{"name":"flag-tl","image":"1f1f9-1f1f1.png","id":"1f1f9-1f1f1"},{"name":"flag-tm","image":"1f1f9-1f1f2.png","id":"1f1f9-1f1f2"},{"name":"flag-tn","image":"1f1f9-1f1f3.png","id":"1f1f9-1f1f3"},{"name":"flag-to","image":"1f1f9-1f1f4.png","id":"1f1f9-1f1f4"},{"name":"flag-tr","image":"1f1f9-1f1f7.png","id":"1f1f9-1f1f7"},{"name":"flag-tt","image":"1f1f9-1f1f9.png","id":"1f1f9-1f1f9"},{"name":"flag-tv","image":"1f1f9-1f1fb.png","id":"1f1f9-1f1fb"},{"name":"flag-tw","image":"1f1f9-1f1fc.png","id":"1f1f9-1f1fc"},{"name":"flag-tz","image":"1f1f9-1f1ff.png","id":"1f1f9-1f1ff"},{"name":"flag-ua","image":"1f1fa-1f1e6.png","id":"1f1fa-1f1e6"},{"name":"flag-ug","image":"1f1fa-1f1ec.png","id":"1f1fa-1f1ec"},{"name":"flag-um","image":"1f1fa-1f1f2.png","id":"1f1fa-1f1f2"},{"name":"flag-un","image":"1f1fa-1f1f3.png","id":"1f1fa-1f1f3"},{"name":"flag-us","image":"1f1fa-1f1f8.png","id":"1f1fa-1f1f8"},{"name":"flag-uy","image":"1f1fa-1f1fe.png","id":"1f1fa-1f1fe"},{"name":"flag-uz","image":"1f1fa-1f1ff.png","id":"1f1fa-1f1ff"},{"name":"flag-va","image":"1f1fb-1f1e6.png","id":"1f1fb-1f1e6"},{"name":"flag-vc","image":"1f1fb-1f1e8.png","id":"1f1fb-1f1e8"},{"name":"flag-ve","image":"1f1fb-1f1ea.png","id":"1f1fb-1f1ea"},{"name":"flag-vg","image":"1f1fb-1f1ec.png","id":"1f1fb-1f1ec"},{"name":"flag-vi","image":"1f1fb-1f1ee.png","id":"1f1fb-1f1ee"},{"name":"flag-vn","image":"1f1fb-1f1f3.png","id":"1f1fb-1f1f3"},{"name":"flag-vu","image":"1f1fb-1f1fa.png","id":"1f1fb-1f1fa"},{"name":"flag-wf","image":"1f1fc-1f1eb.png","id":"1f1fc-1f1eb"},{"name":"flag-ws","image":"1f1fc-1f1f8.png","id":"1f1fc-1f1f8"},{"name":"flag-xk","image":"1f1fd-1f1f0.png","id":"1f1fd-1f1f0"},{"name":"flag-ye","image":"1f1fe-1f1ea.png","id":"1f1fe-1f1ea"},{"name":"flag-yt","image":"1f1fe-1f1f9.png","id":"1f1fe-1f1f9"},{"name":"flag-za","image":"1f1ff-1f1e6.png","id":"1f1ff-1f1e6"},{"name":"flag-zm","image":"1f1ff-1f1f2.png","id":"1f1ff-1f1f2"},{"name":"flag-zw","image":"1f1ff-1f1fc.png","id":"1f1ff-1f1fc"},{"name":"flags","image":"1f38f.png","id":"1f38f"},{"name":"flashlight","image":"1f526.png","id":"1f526"},{"name":"fleur_de_lis","image":"269c.png","id":"269c"},{"name":"flipper","image":"1f42c.png","id":"1f42c"},{"name":"floppy_disk","image":"1f4be.png","id":"1f4be"},{"name":"flower_playing_cards","image":"1f3b4.png","id":"1f3b4"},{"name":"flushed","image":"1f633.png","id":"1f633"},{"name":"fog","image":"1f32b.png","id":"1f32b"},{"name":"foggy","image":"1f301.png","id":"1f301"},{"name":"football","image":"1f3c8.png","id":"1f3c8"},{"name":"footprints","image":"1f463.png","id":"1f463"},{"name":"fork_and_knife","image":"1f374.png","id":"1f374"},{"name":"fountain","image":"26f2.png","id":"26f2"},{"name":"four","image":"0034-20e3.png","id":"0034-20e3"},{"name":"four_leaf_clover","image":"1f340.png","id":"1f340"},{"name":"fox_face","image":"1f98a.png","id":"1f98a"},{"name":"fr","image":"1f1eb-1f1f7.png","id":"1f1eb-1f1f7"},{"name":"frame_with_picture","image":"1f5bc.png","id":"1f5bc"},{"name":"free","image":"1f193.png","id":"1f193"},{"name":"fried_egg","image":"1f373.png","id":"1f373"},{"name":"fried_shrimp","image":"1f364.png","id":"1f364"},{"name":"fries","image":"1f35f.png","id":"1f35f"},{"name":"frog","image":"1f438.png","id":"1f438"},{"name":"frowning","image":"1f626.png","id":"1f626"},{"name":"fuelpump","image":"26fd.png","id":"26fd"},{"name":"full_moon","image":"1f315.png","id":"1f315"},{"name":"full_moon_with_face","image":"1f31d.png","id":"1f31d"},{"name":"funeral_urn","image":"26b1.png","id":"26b1"},{"name":"game_die","image":"1f3b2.png","id":"1f3b2"},{"name":"gb","image":"1f1ec-1f1e7.png","id":"1f1ec-1f1e7"},{"name":"gear","image":"2699.png","id":"2699"},{"name":"gem","image":"1f48e.png","id":"1f48e"},{"name":"gemini","image":"264a.png","id":"264a"},{"name":"ghost","image":"1f47b.png","id":"1f47b"},{"name":"gift","image":"1f381.png","id":"1f381"},{"name":"gift_heart","image":"1f49d.png","id":"1f49d"},{"name":"girl","image":"1f467.png","id":"1f467"},{"name":"glass_of_milk","image":"1f95b.png","id":"1f95b"},{"name":"globe_with_meridians","image":"1f310.png","id":"1f310"},{"name":"goal_net","image":"1f945.png","id":"1f945"},{"name":"goat","image":"1f410.png","id":"1f410"},{"name":"golf","image":"26f3.png","id":"26f3"},{"name":"golfer","image":"1f3cc.png","id":"1f3cc"},{"name":"gorilla","image":"1f98d.png","id":"1f98d"},{"name":"grapes","image":"1f347.png","id":"1f347"},{"name":"green_apple","image":"1f34f.png","id":"1f34f"},{"name":"green_book","image":"1f4d7.png","id":"1f4d7"},{"name":"green_heart","image":"1f49a.png","id":"1f49a"},{"name":"green_salad","image":"1f957.png","id":"1f957"},{"name":"grey_exclamation","image":"2755.png","id":"2755"},{"name":"grey_question","image":"2754.png","id":"2754"},{"name":"grimacing","image":"1f62c.png","id":"1f62c"},{"name":"grin","image":"1f601.png","id":"1f601"},{"name":"grinning","image":"1f600.png","id":"1f600"},{"name":"guardsman","image":"1f482.png","id":"1f482"},{"name":"guitar","image":"1f3b8.png","id":"1f3b8"},{"name":"gun","image":"1f52b.png","id":"1f52b"},{"name":"haircut","image":"1f487.png","id":"1f487"},{"name":"hamburger","image":"1f354.png","id":"1f354"},{"name":"hammer","image":"1f528.png","id":"1f528"},{"name":"hammer_and_pick","image":"2692.png","id":"2692"},{"name":"hammer_and_wrench","image":"1f6e0.png","id":"1f6e0"},{"name":"hamster","image":"1f439.png","id":"1f439"},{"name":"hand","image":"270b.png","id":"270b"},{"name":"hand_with_index_and_middle_fingers_crossed","image":"1f91e.png","id":"1f91e"},{"name":"handbag","image":"1f45c.png","id":"1f45c"},{"name":"handball","image":"1f93e.png","id":"1f93e"},{"name":"handshake","image":"1f91d.png","id":"1f91d"},{"name":"hankey","image":"1f4a9.png","id":"1f4a9"},{"name":"hash","image":"0023-20e3.png","id":"0023-20e3"},{"name":"hatched_chick","image":"1f425.png","id":"1f425"},{"name":"hatching_chick","image":"1f423.png","id":"1f423"},{"name":"headphones","image":"1f3a7.png","id":"1f3a7"},{"name":"hear_no_evil","image":"1f649.png","id":"1f649"},{"name":"heart","image":"2764.png","id":"2764"},{"name":"heart_decoration","image":"1f49f.png","id":"1f49f"},{"name":"heart_eyes","image":"1f60d.png","id":"1f60d"},{"name":"heart_eyes_cat","image":"1f63b.png","id":"1f63b"},{"name":"heartbeat","image":"1f493.png","id":"1f493"},{"name":"heartpulse","image":"1f497.png","id":"1f497"},{"name":"hearts","image":"2665.png","id":"2665"},{"name":"heavy_check_mark","image":"2714.png","id":"2714"},{"name":"heavy_division_sign","image":"2797.png","id":"2797"},{"name":"heavy_dollar_sign","image":"1f4b2.png","id":"1f4b2"},{"name":"heavy_exclamation_mark","image":"2757.png","id":"2757"},{"name":"heavy_heart_exclamation_mark_ornament","image":"2763.png","id":"2763"},{"name":"heavy_minus_sign","image":"2796.png","id":"2796"},{"name":"heavy_multiplication_x","image":"2716.png","id":"2716"},{"name":"heavy_plus_sign","image":"2795.png","id":"2795"},{"name":"helicopter","image":"1f681.png","id":"1f681"},{"name":"helmet_with_white_cross","image":"26d1.png","id":"26d1"},{"name":"herb","image":"1f33f.png","id":"1f33f"},{"name":"hibiscus","image":"1f33a.png","id":"1f33a"},{"name":"high_brightness","image":"1f506.png","id":"1f506"},{"name":"high_heel","image":"1f460.png","id":"1f460"},{"name":"hocho","image":"1f52a.png","id":"1f52a"},{"name":"hole","image":"1f573.png","id":"1f573"},{"name":"honey_pot","image":"1f36f.png","id":"1f36f"},{"name":"honeybee","image":"1f41d.png","id":"1f41d"},{"name":"horse","image":"1f434.png","id":"1f434"},{"name":"horse_racing","image":"1f3c7.png","id":"1f3c7"},{"name":"hospital","image":"1f3e5.png","id":"1f3e5"},{"name":"hot_pepper","image":"1f336.png","id":"1f336"},{"name":"hotdog","image":"1f32d.png","id":"1f32d"},{"name":"hotel","image":"1f3e8.png","id":"1f3e8"},{"name":"hotsprings","image":"2668.png","id":"2668"},{"name":"hourglass","image":"231b.png","id":"231b"},{"name":"hourglass_flowing_sand","image":"23f3.png","id":"23f3"},{"name":"house","image":"1f3e0.png","id":"1f3e0"},{"name":"house_buildings","image":"1f3d8.png","id":"1f3d8"},{"name":"house_with_garden","image":"1f3e1.png","id":"1f3e1"},{"name":"hugging_face","image":"1f917.png","id":"1f917"},{"name":"hushed","image":"1f62f.png","id":"1f62f"},{"name":"ice_cream","image":"1f368.png","id":"1f368"},{"name":"ice_hockey_stick_and_puck","image":"1f3d2.png","id":"1f3d2"},{"name":"ice_skate","image":"26f8.png","id":"26f8"},{"name":"icecream","image":"1f366.png","id":"1f366"},{"name":"id","image":"1f194.png","id":"1f194"},{"name":"ideograph_advantage","image":"1f250.png","id":"1f250"},{"name":"imp","image":"1f47f.png","id":"1f47f"},{"name":"inbox_tray","image":"1f4e5.png","id":"1f4e5"},{"name":"incoming_envelope","image":"1f4e8.png","id":"1f4e8"},{"name":"information_desk_person","image":"1f481.png","id":"1f481"},{"name":"information_source","image":"2139.png","id":"2139"},{"name":"innocent","image":"1f607.png","id":"1f607"},{"name":"interrobang","image":"2049.png","id":"2049"},{"name":"iphone","image":"1f4f1.png","id":"1f4f1"},{"name":"it","image":"1f1ee-1f1f9.png","id":"1f1ee-1f1f9"},{"name":"izakaya_lantern","image":"1f3ee.png","id":"1f3ee"},{"name":"jack_o_lantern","image":"1f383.png","id":"1f383"},{"name":"japan","image":"1f5fe.png","id":"1f5fe"},{"name":"japanese_castle","image":"1f3ef.png","id":"1f3ef"},{"name":"japanese_goblin","image":"1f47a.png","id":"1f47a"},{"name":"japanese_ogre","image":"1f479.png","id":"1f479"},{"name":"jeans","image":"1f456.png","id":"1f456"},{"name":"joy","image":"1f602.png","id":"1f602"},{"name":"joy_cat","image":"1f639.png","id":"1f639"},{"name":"joystick","image":"1f579.png","id":"1f579"},{"name":"jp","image":"1f1ef-1f1f5.png","id":"1f1ef-1f1f5"},{"name":"juggling","image":"1f939.png","id":"1f939"},{"name":"kaaba","image":"1f54b.png","id":"1f54b"},{"name":"key","image":"1f511.png","id":"1f511"},{"name":"keyboard","image":"2328.png","id":"2328"},{"name":"keycap_star","image":"002a-20e3.png","id":"002a-20e3"},{"name":"keycap_ten","image":"1f51f.png","id":"1f51f"},{"name":"kimono","image":"1f458.png","id":"1f458"},{"name":"kiss","image":"1f48b.png","id":"1f48b"},{"name":"kissing","image":"1f617.png","id":"1f617"},{"name":"kissing_cat","image":"1f63d.png","id":"1f63d"},{"name":"kissing_closed_eyes","image":"1f61a.png","id":"1f61a"},{"name":"kissing_heart","image":"1f618.png","id":"1f618"},{"name":"kissing_smiling_eyes","image":"1f619.png","id":"1f619"},{"name":"kiwifruit","image":"1f95d.png","id":"1f95d"},{"name":"knife","image":"1f52a.png","id":"1f52a"},{"name":"knife_fork_plate","image":"1f37d.png","id":"1f37d"},{"name":"koala","image":"1f428.png","id":"1f428"},{"name":"koko","image":"1f201.png","id":"1f201"},{"name":"kr","image":"1f1f0-1f1f7.png","id":"1f1f0-1f1f7"},{"name":"label","image":"1f3f7.png","id":"1f3f7"},{"name":"lantern","image":"1f3ee.png","id":"1f3ee"},{"name":"large_blue_circle","image":"1f535.png","id":"1f535"},{"name":"large_blue_diamond","image":"1f537.png","id":"1f537"},{"name":"large_orange_diamond","image":"1f536.png","id":"1f536"},{"name":"last_quarter_moon","image":"1f317.png","id":"1f317"},{"name":"last_quarter_moon_with_face","image":"1f31c.png","id":"1f31c"},{"name":"latin_cross","image":"271d.png","id":"271d"},{"name":"laughing","image":"1f606.png","id":"1f606"},{"name":"leaves","image":"1f343.png","id":"1f343"},{"name":"ledger","image":"1f4d2.png","id":"1f4d2"},{"name":"left-facing_fist","image":"1f91b.png","id":"1f91b"},{"name":"left_luggage","image":"1f6c5.png","id":"1f6c5"},{"name":"left_right_arrow","image":"2194.png","id":"2194"},{"name":"left_speech_bubble","image":"1f5e8.png","id":"1f5e8"},{"name":"leftwards_arrow_with_hook","image":"21a9.png","id":"21a9"},{"name":"lemon","image":"1f34b.png","id":"1f34b"},{"name":"leo","image":"264c.png","id":"264c"},{"name":"leopard","image":"1f406.png","id":"1f406"},{"name":"level_slider","image":"1f39a.png","id":"1f39a"},{"name":"libra","image":"264e.png","id":"264e"},{"name":"light_rail","image":"1f688.png","id":"1f688"},{"name":"lightning","image":"1f329.png","id":"1f329"},{"name":"lightning_cloud","image":"1f329.png","id":"1f329"},{"name":"link","image":"1f517.png","id":"1f517"},{"name":"linked_paperclips","image":"1f587.png","id":"1f587"},{"name":"lion_face","image":"1f981.png","id":"1f981"},{"name":"lips","image":"1f444.png","id":"1f444"},{"name":"lipstick","image":"1f484.png","id":"1f484"},{"name":"lizard","image":"1f98e.png","id":"1f98e"},{"name":"lock","image":"1f512.png","id":"1f512"},{"name":"lock_with_ink_pen","image":"1f50f.png","id":"1f50f"},{"name":"lollipop","image":"1f36d.png","id":"1f36d"},{"name":"loop","image":"27bf.png","id":"27bf"},{"name":"loud_sound","image":"1f50a.png","id":"1f50a"},{"name":"loudspeaker","image":"1f4e2.png","id":"1f4e2"},{"name":"love_hotel","image":"1f3e9.png","id":"1f3e9"},{"name":"love_letter","image":"1f48c.png","id":"1f48c"},{"name":"low_brightness","image":"1f505.png","id":"1f505"},{"name":"lower_left_ballpoint_pen","image":"1f58a.png","id":"1f58a"},{"name":"lower_left_crayon","image":"1f58d.png","id":"1f58d"},{"name":"lower_left_fountain_pen","image":"1f58b.png","id":"1f58b"},{"name":"lower_left_paintbrush","image":"1f58c.png","id":"1f58c"},{"name":"lying_face","image":"1f925.png","id":"1f925"},{"name":"m","image":"24c2.png","id":"24c2"},{"name":"mag","image":"1f50d.png","id":"1f50d"},{"name":"mag_right","image":"1f50e.png","id":"1f50e"},{"name":"mahjong","image":"1f004.png","id":"1f004"},{"name":"mailbox","image":"1f4eb.png","id":"1f4eb"},{"name":"mailbox_closed","image":"1f4ea.png","id":"1f4ea"},{"name":"mailbox_with_mail","image":"1f4ec.png","id":"1f4ec"},{"name":"mailbox_with_no_mail","image":"1f4ed.png","id":"1f4ed"},{"name":"male-artist","image":"1f468-200d-1f3a8.png","id":"1f468-200d-1f3a8"},{"name":"male-astronaut","image":"1f468-200d-1f680.png","id":"1f468-200d-1f680"},{"name":"male-construction-worker","image":"1f477-200d-2642-fe0f.png","id":"1f477-200d-2642-fe0f"},{"name":"male-cook","image":"1f468-200d-1f373.png","id":"1f468-200d-1f373"},{"name":"male-detective","image":"1f575-fe0f-200d-2642-fe0f.png","id":"1f575-fe0f-200d-2642-fe0f"},{"name":"male-doctor","image":"1f468-200d-2695-fe0f.png","id":"1f468-200d-2695-fe0f"},{"name":"male-factory-worker","image":"1f468-200d-1f3ed.png","id":"1f468-200d-1f3ed"},{"name":"male-farmer","image":"1f468-200d-1f33e.png","id":"1f468-200d-1f33e"},{"name":"male-firefighter","image":"1f468-200d-1f692.png","id":"1f468-200d-1f692"},{"name":"male-guard","image":"1f482-200d-2642-fe0f.png","id":"1f482-200d-2642-fe0f"},{"name":"male-judge","image":"1f468-200d-2696-fe0f.png","id":"1f468-200d-2696-fe0f"},{"name":"male-mechanic","image":"1f468-200d-1f527.png","id":"1f468-200d-1f527"},{"name":"male-office-worker","image":"1f468-200d-1f4bc.png","id":"1f468-200d-1f4bc"},{"name":"male-pilot","image":"1f468-200d-2708-fe0f.png","id":"1f468-200d-2708-fe0f"},{"name":"male-police-officer","image":"1f46e-200d-2642-fe0f.png","id":"1f46e-200d-2642-fe0f"},{"name":"male-scientist","image":"1f468-200d-1f52c.png","id":"1f468-200d-1f52c"},{"name":"male-singer","image":"1f468-200d-1f3a4.png","id":"1f468-200d-1f3a4"},{"name":"male-student","image":"1f468-200d-1f393.png","id":"1f468-200d-1f393"},{"name":"male-teacher","image":"1f468-200d-1f3eb.png","id":"1f468-200d-1f3eb"},{"name":"male-technologist","image":"1f468-200d-1f4bb.png","id":"1f468-200d-1f4bb"},{"name":"male_sign","image":"2642.png","id":"2642"},{"name":"man","image":"1f468.png","id":"1f468"},{"name":"man-biking","image":"1f6b4-200d-2642-fe0f.png","id":"1f6b4-200d-2642-fe0f"},{"name":"man-bouncing-ball","image":"26f9-fe0f-200d-2642-fe0f.png","id":"26f9-fe0f-200d-2642-fe0f"},{"name":"man-bowing","image":"1f647-200d-2642-fe0f.png","id":"1f647-200d-2642-fe0f"},{"name":"man-boy","image":"1f468-200d-1f466.png","id":"1f468-200d-1f466"},{"name":"man-boy-boy","image":"1f468-200d-1f466-200d-1f466.png","id":"1f468-200d-1f466-200d-1f466"},{"name":"man-cartwheeling","image":"1f938-200d-2642-fe0f.png","id":"1f938-200d-2642-fe0f"},{"name":"man-facepalming","image":"1f926-200d-2642-fe0f.png","id":"1f926-200d-2642-fe0f"},{"name":"man-frowning","image":"1f64d-200d-2642-fe0f.png","id":"1f64d-200d-2642-fe0f"},{"name":"man-gesturing-no","image":"1f645-200d-2642-fe0f.png","id":"1f645-200d-2642-fe0f"},{"name":"man-gesturing-ok","image":"1f646-200d-2642-fe0f.png","id":"1f646-200d-2642-fe0f"},{"name":"man-getting-haircut","image":"1f487-200d-2642-fe0f.png","id":"1f487-200d-2642-fe0f"},{"name":"man-getting-massage","image":"1f486-200d-2642-fe0f.png","id":"1f486-200d-2642-fe0f"},{"name":"man-girl","image":"1f468-200d-1f467.png","id":"1f468-200d-1f467"},{"name":"man-girl-boy","image":"1f468-200d-1f467-200d-1f466.png","id":"1f468-200d-1f467-200d-1f466"},{"name":"man-girl-girl","image":"1f468-200d-1f467-200d-1f467.png","id":"1f468-200d-1f467-200d-1f467"},{"name":"man-golfing","image":"1f3cc-fe0f-200d-2642-fe0f.png","id":"1f3cc-fe0f-200d-2642-fe0f"},{"name":"man-heart-man","image":"1f468-200d-2764-fe0f-200d-1f468.png","id":"1f468-200d-2764-fe0f-200d-1f468"},{"name":"man-juggling","image":"1f939-200d-2642-fe0f.png","id":"1f939-200d-2642-fe0f"},{"name":"man-kiss-man","image":"1f468-200d-2764-fe0f-200d-1f48b-200d-1f468.png","id":"1f468-200d-2764-fe0f-200d-1f48b-200d-1f468"},{"name":"man-lifting-weights","image":"1f3cb-fe0f-200d-2642-fe0f.png","id":"1f3cb-fe0f-200d-2642-fe0f"},{"name":"man-man-boy","image":"1f468-200d-1f468-200d-1f466.png","id":"1f468-200d-1f468-200d-1f466"},{"name":"man-man-boy-boy","image":"1f468-200d-1f468-200d-1f466-200d-1f466.png","id":"1f468-200d-1f468-200d-1f466-200d-1f466"},{"name":"man-man-girl","image":"1f468-200d-1f468-200d-1f467.png","id":"1f468-200d-1f468-200d-1f467"},{"name":"man-man-girl-boy","image":"1f468-200d-1f468-200d-1f467-200d-1f466.png","id":"1f468-200d-1f468-200d-1f467-200d-1f466"},{"name":"man-man-girl-girl","image":"1f468-200d-1f468-200d-1f467-200d-1f467.png","id":"1f468-200d-1f468-200d-1f467-200d-1f467"},{"name":"man-mountain-biking","image":"1f6b5-200d-2642-fe0f.png","id":"1f6b5-200d-2642-fe0f"},{"name":"man-playing-handball","image":"1f93e-200d-2642-fe0f.png","id":"1f93e-200d-2642-fe0f"},{"name":"man-playing-water-polo","image":"1f93d-200d-2642-fe0f.png","id":"1f93d-200d-2642-fe0f"},{"name":"man-pouting","image":"1f64e-200d-2642-fe0f.png","id":"1f64e-200d-2642-fe0f"},{"name":"man-raising-hand","image":"1f64b-200d-2642-fe0f.png","id":"1f64b-200d-2642-fe0f"},{"name":"man-rowing-boat","image":"1f6a3-200d-2642-fe0f.png","id":"1f6a3-200d-2642-fe0f"},{"name":"man-running","image":"1f3c3-200d-2642-fe0f.png","id":"1f3c3-200d-2642-fe0f"},{"name":"man-shrugging","image":"1f937-200d-2642-fe0f.png","id":"1f937-200d-2642-fe0f"},{"name":"man-surfing","image":"1f3c4-200d-2642-fe0f.png","id":"1f3c4-200d-2642-fe0f"},{"name":"man-swimming","image":"1f3ca-200d-2642-fe0f.png","id":"1f3ca-200d-2642-fe0f"},{"name":"man-tipping-hand","image":"1f481-200d-2642-fe0f.png","id":"1f481-200d-2642-fe0f"},{"name":"man-walking","image":"1f6b6-200d-2642-fe0f.png","id":"1f6b6-200d-2642-fe0f"},{"name":"man-wearing-turban","image":"1f473-200d-2642-fe0f.png","id":"1f473-200d-2642-fe0f"},{"name":"man-with-bunny-ears-partying","image":"1f46f-200d-2642-fe0f.png","id":"1f46f-200d-2642-fe0f"},{"name":"man-woman-boy","image":"1f46a.png","id":"1f46a"},{"name":"man-woman-boy","image":"1f468-200d-1f469-200d-1f466.png","id":"1f468-200d-1f469-200d-1f466"},{"name":"man-woman-boy-boy","image":"1f468-200d-1f469-200d-1f466-200d-1f466.png","id":"1f468-200d-1f469-200d-1f466-200d-1f466"},{"name":"man-woman-girl","image":"1f468-200d-1f469-200d-1f467.png","id":"1f468-200d-1f469-200d-1f467"},{"name":"man-woman-girl-boy","image":"1f468-200d-1f469-200d-1f467-200d-1f466.png","id":"1f468-200d-1f469-200d-1f467-200d-1f466"},{"name":"man-woman-girl-girl","image":"1f468-200d-1f469-200d-1f467-200d-1f467.png","id":"1f468-200d-1f469-200d-1f467-200d-1f467"},{"name":"man-wrestling","image":"1f93c-200d-2642-fe0f.png","id":"1f93c-200d-2642-fe0f"},{"name":"man_and_woman_holding_hands","image":"1f46b.png","id":"1f46b"},{"name":"man_dancing","image":"1f57a.png","id":"1f57a"},{"name":"man_in_business_suit_levitating","image":"1f574.png","id":"1f574"},{"name":"man_in_tuxedo","image":"1f935.png","id":"1f935"},{"name":"man_with_gua_pi_mao","image":"1f472.png","id":"1f472"},{"name":"man_with_turban","image":"1f473.png","id":"1f473"},{"name":"mans_shoe","image":"1f45e.png","id":"1f45e"},{"name":"mantelpiece_clock","image":"1f570.png","id":"1f570"},{"name":"maple_leaf","image":"1f341.png","id":"1f341"},{"name":"martial_arts_uniform","image":"1f94b.png","id":"1f94b"},{"name":"mask","image":"1f637.png","id":"1f637"},{"name":"massage","image":"1f486.png","id":"1f486"},{"name":"meat_on_bone","image":"1f356.png","id":"1f356"},{"name":"medal","image":"1f396.png","id":"1f396"},{"name":"mega","image":"1f4e3.png","id":"1f4e3"},{"name":"melon","image":"1f348.png","id":"1f348"},{"name":"memo","image":"1f4dd.png","id":"1f4dd"},{"name":"menorah_with_nine_branches","image":"1f54e.png","id":"1f54e"},{"name":"mens","image":"1f6b9.png","id":"1f6b9"},{"name":"metro","image":"1f687.png","id":"1f687"},{"name":"microphone","image":"1f3a4.png","id":"1f3a4"},{"name":"microscope","image":"1f52c.png","id":"1f52c"},{"name":"middle_finger","image":"1f595.png","id":"1f595"},{"name":"milky_way","image":"1f30c.png","id":"1f30c"},{"name":"minibus","image":"1f690.png","id":"1f690"},{"name":"minidisc","image":"1f4bd.png","id":"1f4bd"},{"name":"mobile_phone_off","image":"1f4f4.png","id":"1f4f4"},{"name":"money_mouth_face","image":"1f911.png","id":"1f911"},{"name":"money_with_wings","image":"1f4b8.png","id":"1f4b8"},{"name":"moneybag","image":"1f4b0.png","id":"1f4b0"},{"name":"monkey","image":"1f412.png","id":"1f412"},{"name":"monkey_face","image":"1f435.png","id":"1f435"},{"name":"monorail","image":"1f69d.png","id":"1f69d"},{"name":"moon","image":"1f314.png","id":"1f314"},{"name":"mortar_board","image":"1f393.png","id":"1f393"},{"name":"mosque","image":"1f54c.png","id":"1f54c"},{"name":"mostly_sunny","image":"1f324.png","id":"1f324"},{"name":"mother_christmas","image":"1f936.png","id":"1f936"},{"name":"motor_boat","image":"1f6e5.png","id":"1f6e5"},{"name":"motor_scooter","image":"1f6f5.png","id":"1f6f5"},{"name":"motorway","image":"1f6e3.png","id":"1f6e3"},{"name":"mount_fuji","image":"1f5fb.png","id":"1f5fb"},{"name":"mountain","image":"26f0.png","id":"26f0"},{"name":"mountain_bicyclist","image":"1f6b5.png","id":"1f6b5"},{"name":"mountain_cableway","image":"1f6a0.png","id":"1f6a0"},{"name":"mountain_railway","image":"1f69e.png","id":"1f69e"},{"name":"mouse","image":"1f42d.png","id":"1f42d"},{"name":"mouse2","image":"1f401.png","id":"1f401"},{"name":"movie_camera","image":"1f3a5.png","id":"1f3a5"},{"name":"moyai","image":"1f5ff.png","id":"1f5ff"},{"name":"muscle","image":"1f4aa.png","id":"1f4aa"},{"name":"mushroom","image":"1f344.png","id":"1f344"},{"name":"musical_keyboard","image":"1f3b9.png","id":"1f3b9"},{"name":"musical_note","image":"1f3b5.png","id":"1f3b5"},{"name":"musical_score","image":"1f3bc.png","id":"1f3bc"},{"name":"mute","image":"1f507.png","id":"1f507"},{"name":"nail_care","image":"1f485.png","id":"1f485"},{"name":"name_badge","image":"1f4db.png","id":"1f4db"},{"name":"national_park","image":"1f3de.png","id":"1f3de"},{"name":"nauseated_face","image":"1f922.png","id":"1f922"},{"name":"necktie","image":"1f454.png","id":"1f454"},{"name":"negative_squared_cross_mark","image":"274e.png","id":"274e"},{"name":"nerd_face","image":"1f913.png","id":"1f913"},{"name":"neutral_face","image":"1f610.png","id":"1f610"},{"name":"new","image":"1f195.png","id":"1f195"},{"name":"new_moon","image":"1f311.png","id":"1f311"},{"name":"new_moon_with_face","image":"1f31a.png","id":"1f31a"},{"name":"newspaper","image":"1f4f0.png","id":"1f4f0"},{"name":"ng","image":"1f196.png","id":"1f196"},{"name":"night_with_stars","image":"1f303.png","id":"1f303"},{"name":"nine","image":"0039-20e3.png","id":"0039-20e3"},{"name":"no_bell","image":"1f515.png","id":"1f515"},{"name":"no_bicycles","image":"1f6b3.png","id":"1f6b3"},{"name":"no_entry","image":"26d4.png","id":"26d4"},{"name":"no_entry_sign","image":"1f6ab.png","id":"1f6ab"},{"name":"no_good","image":"1f645.png","id":"1f645"},{"name":"no_mobile_phones","image":"1f4f5.png","id":"1f4f5"},{"name":"no_mouth","image":"1f636.png","id":"1f636"},{"name":"no_pedestrians","image":"1f6b7.png","id":"1f6b7"},{"name":"no_smoking","image":"1f6ad.png","id":"1f6ad"},{"name":"non-potable_water","image":"1f6b1.png","id":"1f6b1"},{"name":"nose","image":"1f443.png","id":"1f443"},{"name":"notebook","image":"1f4d3.png","id":"1f4d3"},{"name":"notebook_with_decorative_cover","image":"1f4d4.png","id":"1f4d4"},{"name":"notes","image":"1f3b6.png","id":"1f3b6"},{"name":"nut_and_bolt","image":"1f529.png","id":"1f529"},{"name":"o","image":"2b55.png","id":"2b55"},{"name":"o2","image":"1f17e.png","id":"1f17e"},{"name":"ocean","image":"1f30a.png","id":"1f30a"},{"name":"octagonal_sign","image":"1f6d1.png","id":"1f6d1"},{"name":"octopus","image":"1f419.png","id":"1f419"},{"name":"oden","image":"1f362.png","id":"1f362"},{"name":"office","image":"1f3e2.png","id":"1f3e2"},{"name":"oil_drum","image":"1f6e2.png","id":"1f6e2"},{"name":"ok","image":"1f197.png","id":"1f197"},{"name":"ok_hand","image":"1f44c.png","id":"1f44c"},{"name":"ok_woman","image":"1f646.png","id":"1f646"},{"name":"old_key","image":"1f5dd.png","id":"1f5dd"},{"name":"older_man","image":"1f474.png","id":"1f474"},{"name":"older_woman","image":"1f475.png","id":"1f475"},{"name":"om_symbol","image":"1f549.png","id":"1f549"},{"name":"on","image":"1f51b.png","id":"1f51b"},{"name":"oncoming_automobile","image":"1f698.png","id":"1f698"},{"name":"oncoming_bus","image":"1f68d.png","id":"1f68d"},{"name":"oncoming_police_car","image":"1f694.png","id":"1f694"},{"name":"oncoming_taxi","image":"1f696.png","id":"1f696"},{"name":"one","image":"0031-20e3.png","id":"0031-20e3"},{"name":"open_book","image":"1f4d6.png","id":"1f4d6"},{"name":"open_file_folder","image":"1f4c2.png","id":"1f4c2"},{"name":"open_hands","image":"1f450.png","id":"1f450"},{"name":"open_mouth","image":"1f62e.png","id":"1f62e"},{"name":"ophiuchus","image":"26ce.png","id":"26ce"},{"name":"orange_book","image":"1f4d9.png","id":"1f4d9"},{"name":"orthodox_cross","image":"2626.png","id":"2626"},{"name":"outbox_tray","image":"1f4e4.png","id":"1f4e4"},{"name":"owl","image":"1f989.png","id":"1f989"},{"name":"ox","image":"1f402.png","id":"1f402"},{"name":"package","image":"1f4e6.png","id":"1f4e6"},{"name":"page_facing_up","image":"1f4c4.png","id":"1f4c4"},{"name":"page_with_curl","image":"1f4c3.png","id":"1f4c3"},{"name":"pager","image":"1f4df.png","id":"1f4df"},{"name":"palm_tree","image":"1f334.png","id":"1f334"},{"name":"pancakes","image":"1f95e.png","id":"1f95e"},{"name":"panda_face","image":"1f43c.png","id":"1f43c"},{"name":"paperclip","image":"1f4ce.png","id":"1f4ce"},{"name":"parking","image":"1f17f.png","id":"1f17f"},{"name":"part_alternation_mark","image":"303d.png","id":"303d"},{"name":"partly_sunny","image":"26c5.png","id":"26c5"},{"name":"partly_sunny_rain","image":"1f326.png","id":"1f326"},{"name":"passenger_ship","image":"1f6f3.png","id":"1f6f3"},{"name":"passport_control","image":"1f6c2.png","id":"1f6c2"},{"name":"paw_prints","image":"1f43e.png","id":"1f43e"},{"name":"peace_symbol","image":"262e.png","id":"262e"},{"name":"peach","image":"1f351.png","id":"1f351"},{"name":"peanuts","image":"1f95c.png","id":"1f95c"},{"name":"pear","image":"1f350.png","id":"1f350"},{"name":"pencil","image":"1f4dd.png","id":"1f4dd"},{"name":"pencil2","image":"270f.png","id":"270f"},{"name":"penguin","image":"1f427.png","id":"1f427"},{"name":"pensive","image":"1f614.png","id":"1f614"},{"name":"performing_arts","image":"1f3ad.png","id":"1f3ad"},{"name":"persevere","image":"1f623.png","id":"1f623"},{"name":"person_doing_cartwheel","image":"1f938.png","id":"1f938"},{"name":"person_frowning","image":"1f64d.png","id":"1f64d"},{"name":"person_with_ball","image":"26f9.png","id":"26f9"},{"name":"person_with_blond_hair","image":"1f471.png","id":"1f471"},{"name":"person_with_pouting_face","image":"1f64e.png","id":"1f64e"},{"name":"phone","image":"260e.png","id":"260e"},{"name":"pick","image":"26cf.png","id":"26cf"},{"name":"pig","image":"1f437.png","id":"1f437"},{"name":"pig2","image":"1f416.png","id":"1f416"},{"name":"pig_nose","image":"1f43d.png","id":"1f43d"},{"name":"pill","image":"1f48a.png","id":"1f48a"},{"name":"pineapple","image":"1f34d.png","id":"1f34d"},{"name":"pisces","image":"2653.png","id":"2653"},{"name":"pizza","image":"1f355.png","id":"1f355"},{"name":"place_of_worship","image":"1f6d0.png","id":"1f6d0"},{"name":"point_down","image":"1f447.png","id":"1f447"},{"name":"point_left","image":"1f448.png","id":"1f448"},{"name":"point_right","image":"1f449.png","id":"1f449"},{"name":"point_up","image":"261d.png","id":"261d"},{"name":"point_up_2","image":"1f446.png","id":"1f446"},{"name":"police_car","image":"1f693.png","id":"1f693"},{"name":"poodle","image":"1f429.png","id":"1f429"},{"name":"poop","image":"1f4a9.png","id":"1f4a9"},{"name":"popcorn","image":"1f37f.png","id":"1f37f"},{"name":"post_office","image":"1f3e3.png","id":"1f3e3"},{"name":"postal_horn","image":"1f4ef.png","id":"1f4ef"},{"name":"postbox","image":"1f4ee.png","id":"1f4ee"},{"name":"potable_water","image":"1f6b0.png","id":"1f6b0"},{"name":"potato","image":"1f954.png","id":"1f954"},{"name":"pouch","image":"1f45d.png","id":"1f45d"},{"name":"poultry_leg","image":"1f357.png","id":"1f357"},{"name":"pound","image":"1f4b7.png","id":"1f4b7"},{"name":"pouting_cat","image":"1f63e.png","id":"1f63e"},{"name":"pray","image":"1f64f.png","id":"1f64f"},{"name":"prayer_beads","image":"1f4ff.png","id":"1f4ff"},{"name":"pregnant_woman","image":"1f930.png","id":"1f930"},{"name":"prince","image":"1f934.png","id":"1f934"},{"name":"princess","image":"1f478.png","id":"1f478"},{"name":"printer","image":"1f5a8.png","id":"1f5a8"},{"name":"punch","image":"1f44a.png","id":"1f44a"},{"name":"purple_heart","image":"1f49c.png","id":"1f49c"},{"name":"purse","image":"1f45b.png","id":"1f45b"},{"name":"pushpin","image":"1f4cc.png","id":"1f4cc"},{"name":"put_litter_in_its_place","image":"1f6ae.png","id":"1f6ae"},{"name":"question","image":"2753.png","id":"2753"},{"name":"rabbit","image":"1f430.png","id":"1f430"},{"name":"rabbit2","image":"1f407.png","id":"1f407"},{"name":"racehorse","image":"1f40e.png","id":"1f40e"},{"name":"racing_car","image":"1f3ce.png","id":"1f3ce"},{"name":"racing_motorcycle","image":"1f3cd.png","id":"1f3cd"},{"name":"radio","image":"1f4fb.png","id":"1f4fb"},{"name":"radio_button","image":"1f518.png","id":"1f518"},{"name":"radioactive_sign","image":"2622.png","id":"2622"},{"name":"rage","image":"1f621.png","id":"1f621"},{"name":"railway_car","image":"1f683.png","id":"1f683"},{"name":"railway_track","image":"1f6e4.png","id":"1f6e4"},{"name":"rain_cloud","image":"1f327.png","id":"1f327"},{"name":"rainbow","image":"1f308.png","id":"1f308"},{"name":"rainbow-flag","image":"1f3f3-fe0f-200d-1f308.png","id":"1f3f3-fe0f-200d-1f308"},{"name":"raised_back_of_hand","image":"1f91a.png","id":"1f91a"},{"name":"raised_hand","image":"270b.png","id":"270b"},{"name":"raised_hand_with_fingers_splayed","image":"1f590.png","id":"1f590"},{"name":"raised_hands","image":"1f64c.png","id":"1f64c"},{"name":"raising_hand","image":"1f64b.png","id":"1f64b"},{"name":"ram","image":"1f40f.png","id":"1f40f"},{"name":"ramen","image":"1f35c.png","id":"1f35c"},{"name":"rat","image":"1f400.png","id":"1f400"},{"name":"recycle","image":"267b.png","id":"267b"},{"name":"red_car","image":"1f697.png","id":"1f697"},{"name":"red_circle","image":"1f534.png","id":"1f534"},{"name":"relaxed","image":"263a.png","id":"263a"},{"name":"relieved","image":"1f60c.png","id":"1f60c"},{"name":"reminder_ribbon","image":"1f397.png","id":"1f397"},{"name":"repeat","image":"1f501.png","id":"1f501"},{"name":"repeat_one","image":"1f502.png","id":"1f502"},{"name":"restroom","image":"1f6bb.png","id":"1f6bb"},{"name":"reversed_hand_with_middle_finger_extended","image":"1f595.png","id":"1f595"},{"name":"revolving_hearts","image":"1f49e.png","id":"1f49e"},{"name":"rewind","image":"23ea.png","id":"23ea"},{"name":"rhinoceros","image":"1f98f.png","id":"1f98f"},{"name":"ribbon","image":"1f380.png","id":"1f380"},{"name":"rice","image":"1f35a.png","id":"1f35a"},{"name":"rice_ball","image":"1f359.png","id":"1f359"},{"name":"rice_cracker","image":"1f358.png","id":"1f358"},{"name":"rice_scene","image":"1f391.png","id":"1f391"},{"name":"right-facing_fist","image":"1f91c.png","id":"1f91c"},{"name":"right_anger_bubble","image":"1f5ef.png","id":"1f5ef"},{"name":"ring","image":"1f48d.png","id":"1f48d"},{"name":"robot_face","image":"1f916.png","id":"1f916"},{"name":"rocket","image":"1f680.png","id":"1f680"},{"name":"rolled_up_newspaper","image":"1f5de.png","id":"1f5de"},{"name":"roller_coaster","image":"1f3a2.png","id":"1f3a2"},{"name":"rolling_on_the_floor_laughing","image":"1f923.png","id":"1f923"},{"name":"rooster","image":"1f413.png","id":"1f413"},{"name":"rose","image":"1f339.png","id":"1f339"},{"name":"rosette","image":"1f3f5.png","id":"1f3f5"},{"name":"rotating_light","image":"1f6a8.png","id":"1f6a8"},{"name":"round_pushpin","image":"1f4cd.png","id":"1f4cd"},{"name":"rowboat","image":"1f6a3.png","id":"1f6a3"},{"name":"ru","image":"1f1f7-1f1fa.png","id":"1f1f7-1f1fa"},{"name":"rugby_football","image":"1f3c9.png","id":"1f3c9"},{"name":"runner","image":"1f3c3.png","id":"1f3c3"},{"name":"running","image":"1f3c3.png","id":"1f3c3"},{"name":"running_shirt_with_sash","image":"1f3bd.png","id":"1f3bd"},{"name":"sa","image":"1f202.png","id":"1f202"},{"name":"sagittarius","image":"2650.png","id":"2650"},{"name":"sailboat","image":"26f5.png","id":"26f5"},{"name":"sake","image":"1f376.png","id":"1f376"},{"name":"sandal","image":"1f461.png","id":"1f461"},{"name":"santa","image":"1f385.png","id":"1f385"},{"name":"satellite","image":"1f6f0.png","id":"1f6f0"},{"name":"satellite_antenna","image":"1f4e1.png","id":"1f4e1"},{"name":"satisfied","image":"1f606.png","id":"1f606"},{"name":"saxophone","image":"1f3b7.png","id":"1f3b7"},{"name":"scales","image":"2696.png","id":"2696"},{"name":"school","image":"1f3eb.png","id":"1f3eb"},{"name":"school_satchel","image":"1f392.png","id":"1f392"},{"name":"scissors","image":"2702.png","id":"2702"},{"name":"scooter","image":"1f6f4.png","id":"1f6f4"},{"name":"scorpion","image":"1f982.png","id":"1f982"},{"name":"scorpius","image":"264f.png","id":"264f"},{"name":"scream","image":"1f631.png","id":"1f631"},{"name":"scream_cat","image":"1f640.png","id":"1f640"},{"name":"scroll","image":"1f4dc.png","id":"1f4dc"},{"name":"seat","image":"1f4ba.png","id":"1f4ba"},{"name":"second_place_medal","image":"1f948.png","id":"1f948"},{"name":"secret","image":"3299.png","id":"3299"},{"name":"see_no_evil","image":"1f648.png","id":"1f648"},{"name":"seedling","image":"1f331.png","id":"1f331"},{"name":"selfie","image":"1f933.png","id":"1f933"},{"name":"seven","image":"0037-20e3.png","id":"0037-20e3"},{"name":"shallow_pan_of_food","image":"1f958.png","id":"1f958"},{"name":"shamrock","image":"2618.png","id":"2618"},{"name":"shark","image":"1f988.png","id":"1f988"},{"name":"shaved_ice","image":"1f367.png","id":"1f367"},{"name":"sheep","image":"1f411.png","id":"1f411"},{"name":"shell","image":"1f41a.png","id":"1f41a"},{"name":"shield","image":"1f6e1.png","id":"1f6e1"},{"name":"shinto_shrine","image":"26e9.png","id":"26e9"},{"name":"ship","image":"1f6a2.png","id":"1f6a2"},{"name":"shirt","image":"1f455.png","id":"1f455"},{"name":"shit","image":"1f4a9.png","id":"1f4a9"},{"name":"shoe","image":"1f45e.png","id":"1f45e"},{"name":"shopping_bags","image":"1f6cd.png","id":"1f6cd"},{"name":"shopping_trolley","image":"1f6d2.png","id":"1f6d2"},{"name":"shower","image":"1f6bf.png","id":"1f6bf"},{"name":"shrimp","image":"1f990.png","id":"1f990"},{"name":"shrug","image":"1f937.png","id":"1f937"},{"name":"sign_of_the_horns","image":"1f918.png","id":"1f918"},{"name":"signal_strength","image":"1f4f6.png","id":"1f4f6"},{"name":"six","image":"0036-20e3.png","id":"0036-20e3"},{"name":"six_pointed_star","image":"1f52f.png","id":"1f52f"},{"name":"ski","image":"1f3bf.png","id":"1f3bf"},{"name":"skier","image":"26f7.png","id":"26f7"},{"name":"skin-tone-2","image":"1f3fb.png","id":"1f3fb"},{"name":"skin-tone-3","image":"1f3fc.png","id":"1f3fc"},{"name":"skin-tone-4","image":"1f3fd.png","id":"1f3fd"},{"name":"skin-tone-5","image":"1f3fe.png","id":"1f3fe"},{"name":"skin-tone-6","image":"1f3ff.png","id":"1f3ff"},{"name":"skull","image":"1f480.png","id":"1f480"},{"name":"skull_and_crossbones","image":"2620.png","id":"2620"},{"name":"sleeping","image":"1f634.png","id":"1f634"},{"name":"sleeping_accommodation","image":"1f6cc.png","id":"1f6cc"},{"name":"sleepy","image":"1f62a.png","id":"1f62a"},{"name":"sleuth_or_spy","image":"1f575.png","id":"1f575"},{"name":"slightly_frowning_face","image":"1f641.png","id":"1f641"},{"name":"slightly_smiling_face","image":"1f642.png","id":"1f642"},{"name":"slot_machine","image":"1f3b0.png","id":"1f3b0"},{"name":"small_airplane","image":"1f6e9.png","id":"1f6e9"},{"name":"small_blue_diamond","image":"1f539.png","id":"1f539"},{"name":"small_orange_diamond","image":"1f538.png","id":"1f538"},{"name":"small_red_triangle","image":"1f53a.png","id":"1f53a"},{"name":"small_red_triangle_down","image":"1f53b.png","id":"1f53b"},{"name":"smile","image":"1f604.png","id":"1f604"},{"name":"smile_cat","image":"1f638.png","id":"1f638"},{"name":"smiley","image":"1f603.png","id":"1f603"},{"name":"smiley_cat","image":"1f63a.png","id":"1f63a"},{"name":"smiling_imp","image":"1f608.png","id":"1f608"},{"name":"smirk","image":"1f60f.png","id":"1f60f"},{"name":"smirk_cat","image":"1f63c.png","id":"1f63c"},{"name":"smoking","image":"1f6ac.png","id":"1f6ac"},{"name":"snail","image":"1f40c.png","id":"1f40c"},{"name":"snake","image":"1f40d.png","id":"1f40d"},{"name":"sneezing_face","image":"1f927.png","id":"1f927"},{"name":"snow_capped_mountain","image":"1f3d4.png","id":"1f3d4"},{"name":"snow_cloud","image":"1f328.png","id":"1f328"},{"name":"snowboarder","image":"1f3c2.png","id":"1f3c2"},{"name":"snowflake","image":"2744.png","id":"2744"},{"name":"snowman","image":"2603.png","id":"2603"},{"name":"snowman_without_snow","image":"26c4.png","id":"26c4"},{"name":"sob","image":"1f62d.png","id":"1f62d"},{"name":"soccer","image":"26bd.png","id":"26bd"},{"name":"soon","image":"1f51c.png","id":"1f51c"},{"name":"sos","image":"1f198.png","id":"1f198"},{"name":"sound","image":"1f509.png","id":"1f509"},{"name":"space_invader","image":"1f47e.png","id":"1f47e"},{"name":"spades","image":"2660.png","id":"2660"},{"name":"spaghetti","image":"1f35d.png","id":"1f35d"},{"name":"sparkle","image":"2747.png","id":"2747"},{"name":"sparkler","image":"1f387.png","id":"1f387"},{"name":"sparkles","image":"2728.png","id":"2728"},{"name":"sparkling_heart","image":"1f496.png","id":"1f496"},{"name":"speak_no_evil","image":"1f64a.png","id":"1f64a"},{"name":"speaker","image":"1f508.png","id":"1f508"},{"name":"speaking_head_in_silhouette","image":"1f5e3.png","id":"1f5e3"},{"name":"speech_balloon","image":"1f4ac.png","id":"1f4ac"},{"name":"speedboat","image":"1f6a4.png","id":"1f6a4"},{"name":"spider","image":"1f577.png","id":"1f577"},{"name":"spider_web","image":"1f578.png","id":"1f578"},{"name":"spiral_calendar_pad","image":"1f5d3.png","id":"1f5d3"},{"name":"spiral_note_pad","image":"1f5d2.png","id":"1f5d2"},{"name":"spock-hand","image":"1f596.png","id":"1f596"},{"name":"spoon","image":"1f944.png","id":"1f944"},{"name":"sports_medal","image":"1f3c5.png","id":"1f3c5"},{"name":"squid","image":"1f991.png","id":"1f991"},{"name":"stadium","image":"1f3df.png","id":"1f3df"},{"name":"staff_of_aesculapius","image":"2695.png","id":"2695"},{"name":"star","image":"2b50.png","id":"2b50"},{"name":"star2","image":"1f31f.png","id":"1f31f"},{"name":"star_and_crescent","image":"262a.png","id":"262a"},{"name":"star_of_david","image":"2721.png","id":"2721"},{"name":"stars","image":"1f320.png","id":"1f320"},{"name":"station","image":"1f689.png","id":"1f689"},{"name":"statue_of_liberty","image":"1f5fd.png","id":"1f5fd"},{"name":"steam_locomotive","image":"1f682.png","id":"1f682"},{"name":"stew","image":"1f372.png","id":"1f372"},{"name":"stopwatch","image":"23f1.png","id":"23f1"},{"name":"straight_ruler","image":"1f4cf.png","id":"1f4cf"},{"name":"strawberry","image":"1f353.png","id":"1f353"},{"name":"stuck_out_tongue","image":"1f61b.png","id":"1f61b"},{"name":"stuck_out_tongue_closed_eyes","image":"1f61d.png","id":"1f61d"},{"name":"stuck_out_tongue_winking_eye","image":"1f61c.png","id":"1f61c"},{"name":"studio_microphone","image":"1f399.png","id":"1f399"},{"name":"stuffed_flatbread","image":"1f959.png","id":"1f959"},{"name":"sun_behind_cloud","image":"1f325.png","id":"1f325"},{"name":"sun_behind_rain_cloud","image":"1f326.png","id":"1f326"},{"name":"sun_small_cloud","image":"1f324.png","id":"1f324"},{"name":"sun_with_face","image":"1f31e.png","id":"1f31e"},{"name":"sunflower","image":"1f33b.png","id":"1f33b"},{"name":"sunglasses","image":"1f60e.png","id":"1f60e"},{"name":"sunny","image":"2600.png","id":"2600"},{"name":"sunrise","image":"1f305.png","id":"1f305"},{"name":"sunrise_over_mountains","image":"1f304.png","id":"1f304"},{"name":"surfer","image":"1f3c4.png","id":"1f3c4"},{"name":"sushi","image":"1f363.png","id":"1f363"},{"name":"suspension_railway","image":"1f69f.png","id":"1f69f"},{"name":"sweat","image":"1f613.png","id":"1f613"},{"name":"sweat_drops","image":"1f4a6.png","id":"1f4a6"},{"name":"sweat_smile","image":"1f605.png","id":"1f605"},{"name":"sweet_potato","image":"1f360.png","id":"1f360"},{"name":"swimmer","image":"1f3ca.png","id":"1f3ca"},{"name":"symbols","image":"1f523.png","id":"1f523"},{"name":"synagogue","image":"1f54d.png","id":"1f54d"},{"name":"syringe","image":"1f489.png","id":"1f489"},{"name":"table_tennis_paddle_and_ball","image":"1f3d3.png","id":"1f3d3"},{"name":"taco","image":"1f32e.png","id":"1f32e"},{"name":"tada","image":"1f389.png","id":"1f389"},{"name":"tanabata_tree","image":"1f38b.png","id":"1f38b"},{"name":"tangerine","image":"1f34a.png","id":"1f34a"},{"name":"taurus","image":"2649.png","id":"2649"},{"name":"taxi","image":"1f695.png","id":"1f695"},{"name":"tea","image":"1f375.png","id":"1f375"},{"name":"telephone","image":"260e.png","id":"260e"},{"name":"telephone_receiver","image":"1f4de.png","id":"1f4de"},{"name":"telescope","image":"1f52d.png","id":"1f52d"},{"name":"tennis","image":"1f3be.png","id":"1f3be"},{"name":"tent","image":"26fa.png","id":"26fa"},{"name":"the_horns","image":"1f918.png","id":"1f918"},{"name":"thermometer","image":"1f321.png","id":"1f321"},{"name":"thinking_face","image":"1f914.png","id":"1f914"},{"name":"third_place_medal","image":"1f949.png","id":"1f949"},{"name":"thought_balloon","image":"1f4ad.png","id":"1f4ad"},{"name":"three","image":"0033-20e3.png","id":"0033-20e3"},{"name":"three_button_mouse","image":"1f5b1.png","id":"1f5b1"},{"name":"thumbsdown","image":"1f44e.png","id":"1f44e"},{"name":"thumbsup","image":"1f44d.png","id":"1f44d"},{"name":"thunder_cloud_and_rain","image":"26c8.png","id":"26c8"},{"name":"ticket","image":"1f3ab.png","id":"1f3ab"},{"name":"tiger","image":"1f42f.png","id":"1f42f"},{"name":"tiger2","image":"1f405.png","id":"1f405"},{"name":"timer_clock","image":"23f2.png","id":"23f2"},{"name":"tired_face","image":"1f62b.png","id":"1f62b"},{"name":"tm","image":"2122.png","id":"2122"},{"name":"toilet","image":"1f6bd.png","id":"1f6bd"},{"name":"tokyo_tower","image":"1f5fc.png","id":"1f5fc"},{"name":"tomato","image":"1f345.png","id":"1f345"},{"name":"tongue","image":"1f445.png","id":"1f445"},{"name":"top","image":"1f51d.png","id":"1f51d"},{"name":"tophat","image":"1f3a9.png","id":"1f3a9"},{"name":"tornado","image":"1f32a.png","id":"1f32a"},{"name":"tornado_cloud","image":"1f32a.png","id":"1f32a"},{"name":"trackball","image":"1f5b2.png","id":"1f5b2"},{"name":"tractor","image":"1f69c.png","id":"1f69c"},{"name":"traffic_light","image":"1f6a5.png","id":"1f6a5"},{"name":"train","image":"1f68b.png","id":"1f68b"},{"name":"train2","image":"1f686.png","id":"1f686"},{"name":"tram","image":"1f68a.png","id":"1f68a"},{"name":"triangular_flag_on_post","image":"1f6a9.png","id":"1f6a9"},{"name":"triangular_ruler","image":"1f4d0.png","id":"1f4d0"},{"name":"trident","image":"1f531.png","id":"1f531"},{"name":"triumph","image":"1f624.png","id":"1f624"},{"name":"trolleybus","image":"1f68e.png","id":"1f68e"},{"name":"trophy","image":"1f3c6.png","id":"1f3c6"},{"name":"tropical_drink","image":"1f379.png","id":"1f379"},{"name":"tropical_fish","image":"1f420.png","id":"1f420"},{"name":"truck","image":"1f69a.png","id":"1f69a"},{"name":"trumpet","image":"1f3ba.png","id":"1f3ba"},{"name":"tshirt","image":"1f455.png","id":"1f455"},{"name":"tulip","image":"1f337.png","id":"1f337"},{"name":"tumbler_glass","image":"1f943.png","id":"1f943"},{"name":"turkey","image":"1f983.png","id":"1f983"},{"name":"turtle","image":"1f422.png","id":"1f422"},{"name":"tv","image":"1f4fa.png","id":"1f4fa"},{"name":"twisted_rightwards_arrows","image":"1f500.png","id":"1f500"},{"name":"two","image":"0032-20e3.png","id":"0032-20e3"},{"name":"two_hearts","image":"1f495.png","id":"1f495"},{"name":"two_men_holding_hands","image":"1f46c.png","id":"1f46c"},{"name":"two_women_holding_hands","image":"1f46d.png","id":"1f46d"},{"name":"u5272","image":"1f239.png","id":"1f239"},{"name":"u5408","image":"1f234.png","id":"1f234"},{"name":"u55b6","image":"1f23a.png","id":"1f23a"},{"name":"u6307","image":"1f22f.png","id":"1f22f"},{"name":"u6708","image":"1f237.png","id":"1f237"},{"name":"u6709","image":"1f236.png","id":"1f236"},{"name":"u6e80","image":"1f235.png","id":"1f235"},{"name":"u7121","image":"1f21a.png","id":"1f21a"},{"name":"u7533","image":"1f238.png","id":"1f238"},{"name":"u7981","image":"1f232.png","id":"1f232"},{"name":"u7a7a","image":"1f233.png","id":"1f233"},{"name":"uk","image":"1f1ec-1f1e7.png","id":"1f1ec-1f1e7"},{"name":"umbrella","image":"2602.png","id":"2602"},{"name":"umbrella_on_ground","image":"26f1.png","id":"26f1"},{"name":"umbrella_with_rain_drops","image":"2614.png","id":"2614"},{"name":"unamused","image":"1f612.png","id":"1f612"},{"name":"underage","image":"1f51e.png","id":"1f51e"},{"name":"unicorn_face","image":"1f984.png","id":"1f984"},{"name":"unlock","image":"1f513.png","id":"1f513"},{"name":"up","image":"1f199.png","id":"1f199"},{"name":"upside_down_face","image":"1f643.png","id":"1f643"},{"name":"us","image":"1f1fa-1f1f8.png","id":"1f1fa-1f1f8"},{"name":"v","image":"270c.png","id":"270c"},{"name":"vertical_traffic_light","image":"1f6a6.png","id":"1f6a6"},{"name":"vhs","image":"1f4fc.png","id":"1f4fc"},{"name":"vibration_mode","image":"1f4f3.png","id":"1f4f3"},{"name":"video_camera","image":"1f4f9.png","id":"1f4f9"},{"name":"video_game","image":"1f3ae.png","id":"1f3ae"},{"name":"violin","image":"1f3bb.png","id":"1f3bb"},{"name":"virgo","image":"264d.png","id":"264d"},{"name":"volcano","image":"1f30b.png","id":"1f30b"},{"name":"volleyball","image":"1f3d0.png","id":"1f3d0"},{"name":"vs","image":"1f19a.png","id":"1f19a"},{"name":"walking","image":"1f6b6.png","id":"1f6b6"},{"name":"waning_crescent_moon","image":"1f318.png","id":"1f318"},{"name":"waning_gibbous_moon","image":"1f316.png","id":"1f316"},{"name":"warning","image":"26a0.png","id":"26a0"},{"name":"wastebasket","image":"1f5d1.png","id":"1f5d1"},{"name":"watch","image":"231a.png","id":"231a"},{"name":"water_buffalo","image":"1f403.png","id":"1f403"},{"name":"water_polo","image":"1f93d.png","id":"1f93d"},{"name":"watermelon","image":"1f349.png","id":"1f349"},{"name":"wave","image":"1f44b.png","id":"1f44b"},{"name":"waving_black_flag","image":"1f3f4.png","id":"1f3f4"},{"name":"waving_white_flag","image":"1f3f3.png","id":"1f3f3"},{"name":"wavy_dash","image":"3030.png","id":"3030"},{"name":"waxing_crescent_moon","image":"1f312.png","id":"1f312"},{"name":"waxing_gibbous_moon","image":"1f314.png","id":"1f314"},{"name":"wc","image":"1f6be.png","id":"1f6be"},{"name":"weary","image":"1f629.png","id":"1f629"},{"name":"wedding","image":"1f492.png","id":"1f492"},{"name":"weight_lifter","image":"1f3cb.png","id":"1f3cb"},{"name":"whale","image":"1f433.png","id":"1f433"},{"name":"whale2","image":"1f40b.png","id":"1f40b"},{"name":"wheel_of_dharma","image":"2638.png","id":"2638"},{"name":"wheelchair","image":"267f.png","id":"267f"},{"name":"white_check_mark","image":"2705.png","id":"2705"},{"name":"white_circle","image":"26aa.png","id":"26aa"},{"name":"white_flower","image":"1f4ae.png","id":"1f4ae"},{"name":"white_frowning_face","image":"2639.png","id":"2639"},{"name":"white_large_square","image":"2b1c.png","id":"2b1c"},{"name":"white_medium_small_square","image":"25fd.png","id":"25fd"},{"name":"white_medium_square","image":"25fb.png","id":"25fb"},{"name":"white_small_square","image":"25ab.png","id":"25ab"},{"name":"white_square_button","image":"1f533.png","id":"1f533"},{"name":"wilted_flower","image":"1f940.png","id":"1f940"},{"name":"wind_blowing_face","image":"1f32c.png","id":"1f32c"},{"name":"wind_chime","image":"1f390.png","id":"1f390"},{"name":"wine_glass","image":"1f377.png","id":"1f377"},{"name":"wink","image":"1f609.png","id":"1f609"},{"name":"wolf","image":"1f43a.png","id":"1f43a"},{"name":"woman","image":"1f469.png","id":"1f469"},{"name":"woman-biking","image":"1f6b4-200d-2640-fe0f.png","id":"1f6b4-200d-2640-fe0f"},{"name":"woman-bouncing-ball","image":"26f9-fe0f-200d-2640-fe0f.png","id":"26f9-fe0f-200d-2640-fe0f"},{"name":"woman-bowing","image":"1f647-200d-2640-fe0f.png","id":"1f647-200d-2640-fe0f"},{"name":"woman-boy","image":"1f469-200d-1f466.png","id":"1f469-200d-1f466"},{"name":"woman-boy-boy","image":"1f469-200d-1f466-200d-1f466.png","id":"1f469-200d-1f466-200d-1f466"},{"name":"woman-cartwheeling","image":"1f938-200d-2640-fe0f.png","id":"1f938-200d-2640-fe0f"},{"name":"woman-facepalming","image":"1f926-200d-2640-fe0f.png","id":"1f926-200d-2640-fe0f"},{"name":"woman-frowning","image":"1f64d-200d-2640-fe0f.png","id":"1f64d-200d-2640-fe0f"},{"name":"woman-gesturing-no","image":"1f645-200d-2640-fe0f.png","id":"1f645-200d-2640-fe0f"},{"name":"woman-gesturing-ok","image":"1f646-200d-2640-fe0f.png","id":"1f646-200d-2640-fe0f"},{"name":"woman-getting-haircut","image":"1f487-200d-2640-fe0f.png","id":"1f487-200d-2640-fe0f"},{"name":"woman-getting-massage","image":"1f486-200d-2640-fe0f.png","id":"1f486-200d-2640-fe0f"},{"name":"woman-girl","image":"1f469-200d-1f467.png","id":"1f469-200d-1f467"},{"name":"woman-girl-boy","image":"1f469-200d-1f467-200d-1f466.png","id":"1f469-200d-1f467-200d-1f466"},{"name":"woman-girl-girl","image":"1f469-200d-1f467-200d-1f467.png","id":"1f469-200d-1f467-200d-1f467"},{"name":"woman-golfing","image":"1f3cc-fe0f-200d-2640-fe0f.png","id":"1f3cc-fe0f-200d-2640-fe0f"},{"name":"woman-heart-man","image":"1f469-200d-2764-fe0f-200d-1f468.png","id":"1f469-200d-2764-fe0f-200d-1f468"},{"name":"woman-heart-woman","image":"1f469-200d-2764-fe0f-200d-1f469.png","id":"1f469-200d-2764-fe0f-200d-1f469"},{"name":"woman-juggling","image":"1f939-200d-2640-fe0f.png","id":"1f939-200d-2640-fe0f"},{"name":"woman-kiss-man","image":"1f469-200d-2764-fe0f-200d-1f48b-200d-1f468.png","id":"1f469-200d-2764-fe0f-200d-1f48b-200d-1f468"},{"name":"woman-kiss-woman","image":"1f469-200d-2764-fe0f-200d-1f48b-200d-1f469.png","id":"1f469-200d-2764-fe0f-200d-1f48b-200d-1f469"},{"name":"woman-lifting-weights","image":"1f3cb-fe0f-200d-2640-fe0f.png","id":"1f3cb-fe0f-200d-2640-fe0f"},{"name":"woman-mountain-biking","image":"1f6b5-200d-2640-fe0f.png","id":"1f6b5-200d-2640-fe0f"},{"name":"woman-playing-handball","image":"1f93e-200d-2640-fe0f.png","id":"1f93e-200d-2640-fe0f"},{"name":"woman-playing-water-polo","image":"1f93d-200d-2640-fe0f.png","id":"1f93d-200d-2640-fe0f"},{"name":"woman-pouting","image":"1f64e-200d-2640-fe0f.png","id":"1f64e-200d-2640-fe0f"},{"name":"woman-raising-hand","image":"1f64b-200d-2640-fe0f.png","id":"1f64b-200d-2640-fe0f"},{"name":"woman-rowing-boat","image":"1f6a3-200d-2640-fe0f.png","id":"1f6a3-200d-2640-fe0f"},{"name":"woman-running","image":"1f3c3-200d-2640-fe0f.png","id":"1f3c3-200d-2640-fe0f"},{"name":"woman-shrugging","image":"1f937-200d-2640-fe0f.png","id":"1f937-200d-2640-fe0f"},{"name":"woman-surfing","image":"1f3c4-200d-2640-fe0f.png","id":"1f3c4-200d-2640-fe0f"},{"name":"woman-swimming","image":"1f3ca-200d-2640-fe0f.png","id":"1f3ca-200d-2640-fe0f"},{"name":"woman-tipping-hand","image":"1f481-200d-2640-fe0f.png","id":"1f481-200d-2640-fe0f"},{"name":"woman-walking","image":"1f6b6-200d-2640-fe0f.png","id":"1f6b6-200d-2640-fe0f"},{"name":"woman-wearing-turban","image":"1f473-200d-2640-fe0f.png","id":"1f473-200d-2640-fe0f"},{"name":"woman-with-bunny-ears-partying","image":"1f46f-200d-2640-fe0f.png","id":"1f46f-200d-2640-fe0f"},{"name":"woman-woman-boy","image":"1f469-200d-1f469-200d-1f466.png","id":"1f469-200d-1f469-200d-1f466"},{"name":"woman-woman-boy-boy","image":"1f469-200d-1f469-200d-1f466-200d-1f466.png","id":"1f469-200d-1f469-200d-1f466-200d-1f466"},{"name":"woman-woman-girl","image":"1f469-200d-1f469-200d-1f467.png","id":"1f469-200d-1f469-200d-1f467"},{"name":"woman-woman-girl-boy","image":"1f469-200d-1f469-200d-1f467-200d-1f466.png","id":"1f469-200d-1f469-200d-1f467-200d-1f466"},{"name":"woman-woman-girl-girl","image":"1f469-200d-1f469-200d-1f467-200d-1f467.png","id":"1f469-200d-1f469-200d-1f467-200d-1f467"},{"name":"woman-wrestling","image":"1f93c-200d-2640-fe0f.png","id":"1f93c-200d-2640-fe0f"},{"name":"womans_clothes","image":"1f45a.png","id":"1f45a"},{"name":"womans_hat","image":"1f452.png","id":"1f452"},{"name":"womens","image":"1f6ba.png","id":"1f6ba"},{"name":"world_map","image":"1f5fa.png","id":"1f5fa"},{"name":"worried","image":"1f61f.png","id":"1f61f"},{"name":"wrench","image":"1f527.png","id":"1f527"},{"name":"wrestlers","image":"1f93c.png","id":"1f93c"},{"name":"writing_hand","image":"270d.png","id":"270d"},{"name":"x","image":"274c.png","id":"274c"},{"name":"yellow_heart","image":"1f49b.png","id":"1f49b"},{"name":"yen","image":"1f4b4.png","id":"1f4b4"},{"name":"yin_yang","image":"262f.png","id":"262f"},{"name":"yum","image":"1f60b.png","id":"1f60b"},{"name":"zap","image":"26a1.png","id":"26a1"},{"name":"zero","image":"0030-20e3.png","id":"0030-20e3"},{"name":"zipper_mouth_face","image":"1f910.png","id":"1f910"},{"name":"zzz","image":"1f4a4.png","id":"1f4a4"}]