{
    "box-model": false,
    "compatible-vendor-prefixes": false,
    "empty-rules": true,
    "duplicate-properties": false,
    "font-sizes": false,
    "ids": true,
    "known-properties": false,
    "overqualified-elements": false,
    "shorthand": true,
    "text-indent": true,
    "unique-headings": false,
    "vendor-prefix": false,
    "zero-units": true,
    "universal-selector": false,
    "box-sizing": false,
    "bulletproof-font-face": false,
    "important": false,
    "unqualified-attributes": false,
    "regex-selectors": false,
    "floats": false,
    "fallback-colors": false,
    "adjoining-classes": false,
    "qualified-headings": false,
    "outline-none": false
}
